node_id,geometry,elev_m
1933,"c(1462763, 561662)",1
1935,"c(1462765, 562885)",2
1939,"c(1462784, 562574.5)",3
1940,"c(1462787.5, 561166)",4
1942,"c(1462791, 560846)",5
1943,"c(1462796.5, 561946)",6
1944,"c(1462797.5, 559920.5)",7
1945,"c(1462798, 562796.5)",8
1946,"c(1462798, 562834)",9
1947,"c(1462799.5, 559340.5)",10
1948,"c(1462802, 559559.5)",11
1950,"c(1462810, 559786)",12
1951,"c(1462813.5, 559332)",13
1952,"c(1462814, 562372.5)",14
1953,"c(1462816, 559539)",15
1954,"c(1462816, 559567.5)",16
1955,"c(1462816, 561601)",17
1956,"c(1462818, 559360)",18
1957,"c(1462818, 559479.5)",19
1959,"c(1462824.5, 559173.5)",20
1960,"c(1462824, 560514)",21
1961,"c(1462824, 562945.5)",22
1962,"c(1462825.5, 559341)",23
1963,"c(1462830, 558926.5)",24
1964,"c(1462831, 562964)",25
1965,"c(1462832, 563025)",26
1966,"c(1462833, 562162.5)",27
1967,"c(1462839, 558511.5)",28
1970,"c(1462844.5, 558263.5)",29
1971,"c(1462844, 563261)",30
1973,"c(1462850.5, 562478)",31
1975,"c(1462860.5, 563763)",32
1976,"c(1462868.5, 559612)",33
1977,"c(1462869.5, 559788)",34
1978,"c(1462870.5, 560534)",35
1979,"c(1462873, 561579.5)",36
1980,"c(1462874.5, 563366.5)",37
1982,"c(1462881, 563213.5)",38
1986,"c(1462886.5, 562387)",39
1992,"c(1462890, 564000.5)",40
1995,"c(1462905.5, 563960.5)",41
1997,"c(1462907, 561858.5)",42
1998,"c(1462911.5, 562013.5)",43
2000,"c(1462928, 559789.5)",44
2001,"c(1462929, 559613)",45
2002,"c(1462930.5, 563580)",46
2003,"c(1462935, 563321.5)",47
2006,"c(1462955.5, 563388.5)",48
2007,"c(1462955, 561600.5)",49
2008,"c(1462958.5, 559344.5)",50
2009,"c(1462958, 559185)",51
2010,"c(1462959, 559273.5)",52
2011,"c(1462962.5, 563652.5)",53
2012,"c(1462967.5, 563143)",54
2013,"c(1462970, 563431.5)",55
2016,"c(1462974, 563286.5)",56
2017,"c(1462979, 563064)",57
2018,"c(1462982.5, 563048.5)",58
2020,"c(1462988.5, 562777)",59
2021,"c(1462988, 562909)",60
2023,"c(1462994, 563289)",61
2028,"c(1463002, 559915.5)",62
2029,"c(1463004.5, 562706.5)",63
2030,"c(1463005.5, 559345.5)",64
2031,"c(1463005, 559791.5)",65
2032,"c(1463008, 561213)",66
2033,"c(1463009, 562009)",67
2035,"c(1463011, 560023)",68
2036,"c(1463011, 563097)",69
2037,"c(1463018, 563369.5)",70
2038,"c(1463019.5, 560227.5)",71
2039,"c(1463019, 560510)",72
2040,"c(1463020, 562901.5)",73
2042,"c(1463037, 564022.5)",74
2044,"c(1463044.5, 559614)",75
2045,"c(1463044, 560635)",76
2046,"c(1463045, 559663.5)",77
2047,"c(1463050, 560083)",78
2048,"c(1463053.5, 561754.5)",79
2049,"c(1463057.5, 563213)",80
2051,"c(1463060, 563646.5)",81
2052,"c(1463064.5, 562996)",82
2053,"c(1463066, 563194)",83
2054,"c(1463071.5, 563242)",84
2055,"c(1463071.5, 563378.5)",85
2056,"c(1463073, 563490)",86
2057,"c(1463076, 559346.5)",87
2059,"c(1463082.5, 563430)",88
2061,"c(1463083.5, 558931)",89
2062,"c(1463084.5, 562314)",90
2063,"c(1463084, 559072)",91
2064,"c(1463086.5, 562425)",92
2065,"c(1463088, 561379)",93
2067,"c(1463092.5, 559191)",94
2069,"c(1463096.5, 562769.5)",95
2070,"c(1463099, 561723)",96
2071,"c(1463107, 562681.5)",97
2073,"c(1463114, 561160.5)",98
2077,"c(1463138.5, 562063.5)",99
2081,"c(1463156.5, 558380)",100
2083,"c(1463159.5, 558250.5)",101
2085,"c(1463171.5, 560555)",102
2087,"c(1463174.5, 561551.5)",103
2089,"c(1463176, 559796)",104
2090,"c(1463179.5, 561571)",105
2091,"c(1463180.5, 561421.5)",106
2094,"c(1463201, 559349.5)",107
2095,"c(1463203, 559245)",108
2096,"c(1463208, 561147)",109
2097,"c(1463210.5, 561442.5)",110
2098,"c(1463218, 561010)",111
2099,"c(1463248.5, 561172)",112
2100,"c(1463249, 561155)",113
2101,"c(1463254, 560905)",114
2102,"c(1463257.5, 560855.5)",115
2103,"c(1463260, 560831.5)",116
2105,"c(1463266, 564614)",117
2106,"c(1463268, 561592.5)",118
2108,"c(1463290, 561058.5)",119
2109,"c(1463304, 560916)",120
2110,"c(1463320, 558935)",121
2112,"c(1463330.5, 558935.5)",122
2114,"c(1463335.5, 559899)",123
2115,"c(1463338.5, 559800)",124
2116,"c(1463340.5, 558523.5)",125
2117,"c(1463345, 558270)",126
2118,"c(1463346.5, 559384)",127
2119,"c(1463346.5, 559413.5)",128
2120,"c(1463346, 559437.5)",129
2121,"c(1463347, 559352.5)",130
2123,"c(1463357, 561589.5)",131
2124,"c(1463361.5, 559384)",132
2125,"c(1463361, 559414)",133
2126,"c(1463367, 561607.5)",134
2127,"c(1463368.5, 559500)",135
2128,"c(1463370.5, 561516)",136
2129,"c(1463378, 558523.5)",137
2131,"c(1463383.5, 563158)",138
2133,"c(1463388, 564176.5)",139
2134,"c(1463404.5, 563077.5)",140
2135,"c(1463408, 561714.5)",141
2136,"c(1463409, 560886)",142
2137,"c(1463409, 561298.5)",143
2138,"c(1463418.5, 561623)",144
2139,"c(1463433.5, 560726.5)",145
2141,"c(1463438.5, 563073)",146
2142,"c(1463443.5, 560526)",147
2143,"c(1463443.5, 561784.5)",148
2144,"c(1463446, 559355)",149
2146,"c(1463447, 559438.5)",150
2147,"c(1463452, 558380.5)",151
2149,"c(1463460.5, 560873)",152
2150,"c(1463462, 558274.5)",153
2151,"c(1463467.5, 560109)",154
2152,"c(1463468, 561845.5)",155
2153,"c(1463469.5, 561604.5)",156
2154,"c(1463475.5, 558170)",157
2155,"c(1463481.5, 560124)",158
2156,"c(1463481, 558408.5)",159
2157,"c(1463483.5, 560903)",160
2158,"c(1463491, 561304.5)",161
2159,"c(1463492.5, 560891)",162
2161,"c(1463505, 560855)",163
2162,"c(1463508.5, 560801)",164
2163,"c(1463511.5, 560825)",165
2164,"c(1463511.5, 561314.5)",166
2165,"c(1463520.5, 560905.5)",167
2166,"c(1463529, 558252.5)",168
2167,"c(1463531, 561842.5)",169
2168,"c(1463537.5, 561896)",170
2169,"c(1463543.5, 561604)",171
2170,"c(1463543, 560037.5)",172
2171,"c(1463544, 561655)",173
2172,"c(1463545.5, 560803.5)",174
2173,"c(1463546.5, 560980.5)",175
2174,"c(1463546.5, 561419.5)",176
2175,"c(1463547.5, 561706.5)",177
2177,"c(1463553.5, 559805.5)",178
2178,"c(1463556, 559680.5)",179
2179,"c(1463557, 561777.5)",180
2180,"c(1463558, 561924)",181
2181,"c(1463559, 559559)",182
2182,"c(1463560, 559502.5)",183
2183,"c(1463563.5, 559358)",184
2184,"c(1463564.5, 560813.5)",185
2185,"c(1463569.5, 563992)",186
2186,"c(1463573, 558943.5)",187
2187,"c(1463578, 558743)",188
2188,"c(1463580, 558536.5)",189
2189,"c(1463580, 558693.5)",190
2190,"c(1463584.5, 558567)",191
2191,"c(1463585.5, 559931)",192
2193,"c(1463589.5, 558476)",193
2195,"c(1463596, 561923.5)",194
2196,"c(1463606.5, 561704)",195
2197,"c(1463618.5, 561428)",196
2198,"c(1463624, 559450.5)",197
2199,"c(1463625, 559502.5)",198
2200,"c(1463627.5, 561342.5)",199
2201,"c(1463629.5, 558300.5)",200
2202,"c(1463634.5, 560847)",201
2204,"c(1463637, 558569)",202
2205,"c(1463642, 561665.5)",203
2206,"c(1463645, 560620)",204
2207,"c(1463648.5, 559561)",205
2208,"c(1463651, 559688.5)",206
2211,"c(1463665, 559665)",207
2212,"c(1463667, 560323)",208
2213,"c(1463679.5, 558200)",209
2214,"c(1463689.5, 563787)",210
2215,"c(1463690.5, 563891)",211
2216,"c(1463690.5, 564481.5)",212
2217,"c(1463699, 559266)",213
2219,"c(1463703.5, 558712)",214
2220,"c(1463709.5, 558772)",215
2222,"c(1463724.5, 562699)",216
2223,"c(1463724, 562450.5)",217
2224,"c(1463726, 561751.5)",218
2225,"c(1463729, 561889)",219
2226,"c(1463735, 562741)",220
2227,"c(1463740, 561416.5)",221
2229,"c(1463744.5, 560250)",222
2230,"c(1463744, 561710.5)",223
2231,"c(1463747, 561513)",224
2232,"c(1463748.5, 562592)",225
2233,"c(1463750.5, 562773.5)",226
2235,"c(1463756.5, 558621.5)",227
2237,"c(1463759, 560956)",228
2239,"c(1463765, 563086)",229
2240,"c(1463773.5, 561711)",230
2242,"c(1463779.5, 560528)",231
2243,"c(1463783.5, 560489)",232
2245,"c(1463789.5, 559463.5)",233
2246,"c(1463794, 561608)",234
2249,"c(1463796, 559477.5)",235
2250,"c(1463798, 560153)",236
2251,"c(1463799.5, 560887.5)",237
2252,"c(1463800.5, 561830)",238
2253,"c(1463801.5, 558685.5)",239
2254,"c(1463808, 560762.5)",240
2255,"c(1463808, 561514)",241
2256,"c(1463825.5, 562202.5)",242
2257,"c(1463828, 560126.5)",243
2258,"c(1463829, 562266)",244
2260,"c(1463831, 559049.5)",245
2262,"c(1463832.5, 561667.5)",246
2263,"c(1463835, 562211)",247
2264,"c(1463841.5, 561976)",248
2265,"c(1463841, 558961.5)",249
2266,"c(1463842.5, 559559)",250
2268,"c(1463851.5, 561472.5)",251
2270,"c(1463863.5, 561470)",252
2272,"c(1463884.5, 558447.5)",253
2273,"c(1463885.5, 562535)",254
2274,"c(1463887, 560809)",255
2276,"c(1463895, 561588)",256
2277,"c(1463896.5, 560577.5)",257
2278,"c(1463896.5, 560641.5)",258
2279,"c(1463903.5, 560499)",259
2280,"c(1463904, 561582.5)",260
2281,"c(1463904, 562663.5)",261
2282,"c(1463914.5, 562628)",262
2283,"c(1463926.5, 562590.5)",263
2284,"c(1463938.5, 562552.5)",264
2289,"c(1463961.5, 562480.5)",265
2293,"c(1463973.5, 562443.5)",266
2294,"c(1463975.5, 560299.5)",267
2296,"c(1463976, 561008.5)",268
2297,"c(1463980, 559460)",269
2298,"c(1463982.5, 559734)",270
2299,"c(1463988, 561943)",271
2300,"c(1463992.5, 560817.5)",272
2301,"c(1463992, 561912)",273
2302,"c(1463998, 562908)",274
2303,"c(1464004, 559917)",275
2304,"c(1464005, 561866)",276
2306,"c(1464011.5, 559829)",277
2309,"c(1464019, 561889.5)",278
2310,"c(1464019, 562342)",279
2311,"c(1464027.5, 560818)",280
2312,"c(1464028.5, 561861.5)",281
2313,"c(1464034.5, 562582)",282
2314,"c(1464034, 559137)",283
2315,"c(1464034, 559497)",284
2316,"c(1464036.5, 561875.5)",285
2317,"c(1464037, 561420)",286
2318,"c(1464038.5, 561853.5)",287
2319,"c(1464038, 561915)",288
2320,"c(1464039, 560637)",289
2321,"c(1464043, 559931.5)",290
2322,"c(1464044, 561885.5)",291
2323,"c(1464046.5, 561867.5)",292
2324,"c(1464049.5, 560608.5)",293
2325,"c(1464049, 561848)",294
2327,"c(1464053, 560023)",295
2328,"c(1464053, 562434)",296
2329,"c(1464054, 561878)",297
2330,"c(1464056.5, 561859)",298
2332,"c(1464057, 560047)",299
2333,"c(1464059, 562672.5)",300
2335,"c(1464063.5, 561075.5)",301
2336,"c(1464063.5, 561870.5)",302
2337,"c(1464063.5, 562624.5)",303
2338,"c(1464071.5, 561846.5)",304
2339,"c(1464072.5, 559778.5)",305
2340,"c(1464074, 559596.5)",306
2341,"c(1464076, 559668.5)",307
2342,"c(1464077, 560864)",308
2343,"c(1464079.5, 560942.5)",309
2344,"c(1464081, 559706)",310
2345,"c(1464082.5, 561283)",311
2346,"c(1464091, 560623)",312
2348,"c(1464107.5, 561816.5)",313
2349,"c(1464109.5, 561957)",314
2350,"c(1464113.5, 561779.5)",315
2351,"c(1464113, 561793.5)",316
2353,"c(1464123.5, 561195.5)",317
2354,"c(1464123, 561803)",318
2356,"c(1464129.5, 559112.5)",319
2358,"c(1464131, 559901)",320
2359,"c(1464132.5, 561771.5)",321
2360,"c(1464133.5, 559693)",322
2361,"c(1464133, 559711.5)",323
2362,"c(1464134, 559674)",324
2363,"c(1464134, 561802.5)",325
2365,"c(1464140.5, 561754.5)",326
2366,"c(1464140, 561776)",327
2367,"c(1464142, 561796.5)",328
2368,"c(1464152.5, 561815.5)",329
2369,"c(1464158, 562042)",330
2370,"c(1464160, 559404.5)",331
2372,"c(1464169.5, 562108)",332
2373,"c(1464171, 561425.5)",333
2375,"c(1464175.5, 560602)",334
2376,"c(1464180.5, 559707.5)",335
2379,"c(1464212.5, 560088)",336
2380,"c(1464237.5, 559375)",337
2381,"c(1464240, 561959)",338
2382,"c(1464241.5, 561539)",339
2383,"c(1464248.5, 559444.5)",340
2384,"c(1464250.5, 559575.5)",341
2385,"c(1464254, 561378)",342
2388,"c(1464264, 559781)",343
2390,"c(1464289.5, 560669.5)",344
2391,"c(1464289, 561626.5)",345
2392,"c(1464290.5, 561730)",346
2393,"c(1464294.5, 560395.5)",347
2394,"c(1464303, 559865.5)",348
2396,"c(1464310, 561509.5)",349
2397,"c(1464311.5, 561424)",350
2399,"c(1464315.5, 560005)",351
2400,"c(1464319, 559341.5)",352
2404,"c(1464394.5, 561585)",353
2405,"c(1464441, 561926.5)",354
2407,"c(1464455, 562069)",355
2408,"c(1464457.5, 561175)",356
2409,"c(1464477, 561930)",357
2410,"c(1464499.5, 561207)",358
2416,"c(1464520, 561941.5)",359
2424,"c(1464602, 562139.5)",360
2425,"c(1464605.5, 562123)",361
2426,"c(1464610, 561624.5)",362
2428,"c(1464613, 562127.5)",363
2429,"c(1464629.5, 562124)",364
2430,"c(1464630.5, 562100)",365
2431,"c(1464634, 562116.5)",366
2432,"c(1464643, 562126.5)",367
2434,"c(1464659.5, 562139.5)",368
2436,"c(1464667, 562146.5)",369
2440,"c(1464705.5, 562181)",370
2446,"c(1464768, 562005.5)",371
2448,"c(1464776, 562012)",372
2452,"c(1464822.5, 561506.5)",373
2454,"c(1464835.5, 561663)",374
2455,"c(1464866, 561789)",375
2456,"c(1464869.5, 561558)",376
2457,"c(1464887, 561531)",377
2459,"c(1464909.5, 561574)",378
2460,"c(1464917, 561581.5)",379
2464,"c(1464950, 561591.5)",380
2467,"c(1465133, 561495.5)",381
2471,"c(1465241, 561541.5)",382
2473,"c(1465252.5, 561534)",383
2552,"c(1465894, 561792)",384
2554,"c(1465898.5, 561781.5)",385
2606,"c(1466196.5, 563976)",386
2612,"c(1466229, 563934)",387
2619,"c(1466282, 561942)",388
2620,"c(1466286.5, 561930.5)",389
2631,"c(1466330.5, 563945)",390
2648,"c(1466392.5, 564077.5)",391
2649,"c(1466395, 563983)",392
2651,"c(1466412, 563775.5)",393
2655,"c(1466431, 563754.5)",394
2656,"c(1466439.5, 562176.5)",395
2658,"c(1466445.5, 562038)",396
2660,"c(1466450.5, 563813.5)",397
2665,"c(1466469.5, 561867)",398
2667,"c(1466471, 561931.5)",399
2668,"c(1466472, 562332.5)",400
2681,"c(1466514.5, 561935.5)",401
2685,"c(1466529.5, 561920.5)",402
2695,"c(1466565.5, 562281.5)",403
2696,"c(1466566, 562267)",404
2699,"c(1466576, 561941)",405
2700,"c(1466578, 562471)",406
2701,"c(1466581.5, 562559)",407
2703,"c(1466586, 563657.5)",408
2704,"c(1466587.5, 562372.5)",409
2705,"c(1466590, 561790.5)",410
2706,"c(1466590, 562340)",411
2708,"c(1466595.5, 562283.5)",412
2709,"c(1466596.5, 562270.5)",413
2710,"c(1466599.5, 562242.5)",414
2711,"c(1466602.5, 562207.5)",415
2712,"c(1466603.5, 562196.5)",416
2714,"c(1466606, 562171)",417
2715,"c(1466626.5, 561819)",418
2716,"c(1466632, 561946)",419
2724,"c(1466664, 562716)",420
2726,"c(1466673.5, 562585.5)",421
2729,"c(1466681, 561720.5)",422
2731,"c(1466687, 563852)",423
2732,"c(1466690, 561865.5)",424
2734,"c(1466692, 562708)",425
2735,"c(1466696.5, 561732)",426
2739,"c(1466712, 562161.5)",427
2742,"c(1466716, 563179.5)",428
2745,"c(1466727.5, 561955)",429
2746,"c(1466733, 562992)",430
2747,"c(1466736, 562711)",431
2748,"c(1466737, 562879)",432
2749,"c(1466738.5, 562900)",433
2752,"c(1466741, 562911)",434
2753,"c(1466742, 562866.5)",435
2754,"c(1466747.5, 562879.5)",436
2755,"c(1466747.5, 562899.5)",437
2757,"c(1466749, 562703.5)",438
2758,"c(1466749, 563689)",439
2760,"c(1466751, 562720)",440
2762,"c(1466752.5, 562886.5)",441
2763,"c(1466752.5, 562895.5)",442
2764,"c(1466754.5, 561704.5)",443
2765,"c(1466754, 562699.5)",444
2766,"c(1466757.5, 561778)",445
2767,"c(1466757, 562733.5)",446
2768,"c(1466761.5, 562683)",447
2769,"c(1466763, 562893)",448
2770,"c(1466764, 562699.5)",449
2771,"c(1466764, 562720.5)",450
2774,"c(1466769, 562704.5)",451
2775,"c(1466770, 562595.5)",452
2776,"c(1466773.5, 561758)",453
2777,"c(1466780, 562489.5)",454
2778,"c(1466782.5, 562294.5)",455
2779,"c(1466789, 562394)",456
2780,"c(1466791.5, 561734)",457
2781,"c(1466793.5, 562377)",458
2783,"c(1466797, 560903)",459
2784,"c(1466798.5, 562285)",460
2785,"c(1466801.5, 562268.5)",461
2786,"c(1466802, 562115.5)",462
2787,"c(1466804.5, 562326)",463
2788,"c(1466807, 561584.5)",464
2789,"c(1466811, 562171.5)",465
2790,"c(1466815, 562296.5)",466
2791,"c(1466820.5, 563002.5)",467
2792,"c(1466820, 562286.5)",468
2794,"c(1466823.5, 563412)",469
2795,"c(1466826.5, 561483)",470
2796,"c(1466826, 562297.5)",471
2797,"c(1466827.5, 561964.5)",472
2798,"c(1466831.5, 562288)",473
2799,"c(1466831, 561862)",474
2800,"c(1466832, 561680.5)",475
2805,"c(1466840, 561764.5)",476
2806,"c(1466841.5, 564221)",477
2807,"c(1466842.5, 561285.5)",478
2808,"c(1466844, 564275)",479
2810,"c(1466846, 564176)",480
2811,"c(1466847, 561588)",481
2812,"c(1466848, 564320.5)",482
2813,"c(1466851.5, 564118.5)",483
2814,"c(1466854.5, 564379.5)",484
2815,"c(1466855.5, 564074.5)",485
2816,"c(1466856.5, 561485.5)",486
2817,"c(1466859, 564423.5)",487
2818,"c(1466860.5, 564023.5)",488
2819,"c(1466860, 562247.5)",489
2820,"c(1466862.5, 561035)",490
2821,"c(1466863.5, 561188.5)",491
2822,"c(1466863, 561391)",492
2823,"c(1466864, 564628)",493
2826,"c(1466867, 564579)",494
2827,"c(1466870, 562723)",495
2828,"c(1466871.5, 562708.5)",496
2829,"c(1466871, 564527)",497
2830,"c(1466874.5, 563869.5)",498
2831,"c(1466875.5, 563861.5)",499
2833,"c(1466878, 563210.5)",500
2834,"c(1466879.5, 562198.5)",501
2836,"c(1466881.5, 562606)",502
2837,"c(1466884, 562212.5)",503
2838,"c(1466886, 562189.5)",504
2839,"c(1466888.5, 562295)",505
2840,"c(1466892.5, 562181)",506
2841,"c(1466892.5, 562500)",507
2842,"c(1466892, 563704)",508
2843,"c(1466894, 561094)",509
2844,"c(1466899.5, 561038)",510
2845,"c(1466899, 563627.5)",511
2846,"c(1466901, 562404)",512
2847,"c(1466903.5, 560996.5)",513
2848,"c(1466904.5, 560987.5)",514
2850,"c(1466909.5, 562308.5)",515
2851,"c(1466910.5, 562297.5)",516
2853,"c(1466913, 560932)",517
2854,"c(1466916.5, 563421)",518
2855,"c(1466921, 563359.5)",519
2856,"c(1466925, 561773.5)",520
2857,"c(1466925, 563310)",521
2858,"c(1466927, 562117.5)",522
2862,"c(1466934, 563216)",523
2865,"c(1466937.5, 561775)",524
2866,"c(1466949, 561100.5)",525
2867,"c(1466952, 561976)",526
2868,"c(1466954.5, 561038.5)",527
2869,"c(1466957.5, 561000)",528
2870,"c(1466957, 561198.5)",529
2871,"c(1466958.5, 562246)",530
2874,"c(1466963, 562912)",531
2875,"c(1466964.5, 562737.5)",532
2876,"c(1466964, 560874)",533
2877,"c(1466965.5, 562721)",534
2880,"c(1466978.5, 562739)",535
2881,"c(1466980, 562721)",536
2882,"c(1466988.5, 560790)",537
2884,"c(1466989.5, 562616)",538
2885,"c(1466990.5, 564639.5)",539
2887,"c(1466996.5, 564588)",540
2889,"c(1467001.5, 562510.5)",541
2890,"c(1467002.5, 564539)",542
2891,"c(1467006.5, 560999)",543
2892,"c(1467006.5, 564491.5)",544
2893,"c(1467009.5, 560950.5)",545
2894,"c(1467011, 562413.5)",546
2895,"c(1467011, 564437.5)",547
2896,"c(1467012.5, 560897.5)",548
2897,"c(1467013.5, 561696)",549
2898,"c(1467015.5, 560879)",550
2899,"c(1467015.5, 564394)",551
2900,"c(1467017, 562350.5)",552
2901,"c(1467019.5, 562325)",553
2902,"c(1467019, 563638.5)",554
2903,"c(1467021.5, 562311)",555
2904,"c(1467021, 561609)",556
2905,"c(1467021, 564335.5)",557
2906,"c(1467023.5, 560264.5)",558
2907,"c(1467026, 564289.5)",559
2908,"c(1467029.5, 562220)",560
2909,"c(1467030, 561502)",561
2910,"c(1467032, 564237.5)",562
2911,"c(1467036.5, 564192)",563
2912,"c(1467037, 562126.5)",564
2913,"c(1467038.5, 561406)",565
2914,"c(1467039, 563429)",566
2915,"c(1467042, 564135.5)",567
2917,"c(1467044, 563376.5)",568
2918,"c(1467047.5, 561304)",569
2919,"c(1467047.5, 564086.5)",570
2920,"c(1467048.5, 563328.5)",571
2921,"c(1467050, 562328.5)",572
2922,"c(1467052, 564044.5)",573
2923,"c(1467053.5, 563277)",574
2925,"c(1467058, 561699.5)",575
2926,"c(1467058, 563227.5)",576
2929,"c(1467069.5, 560797.5)",577
2931,"c(1467077.5, 561935)",578
2932,"c(1467077, 561851)",579
2933,"c(1467079.5, 562130)",580
2934,"c(1467080.5, 560610)",581
2935,"c(1467081, 561206.5)",582
2936,"c(1467086.5, 562922.5)",583
2937,"c(1467088, 562023)",584
2938,"c(1467090, 560530)",585
2942,"c(1467105.5, 560363.5)",586
2943,"c(1467105, 560906)",587
2947,"c(1467111.5, 560749.5)",588
2948,"c(1467112, 560290)",589
2949,"c(1467113, 561704.5)",590
2950,"c(1467114.5, 561890)",591
2951,"c(1467114, 560270.5)",592
2952,"c(1467114, 562627.5)",593
2953,"c(1467118, 560228)",594
2955,"c(1467126, 561573.5)",595
2956,"c(1467130.5, 563042.5)",596
2957,"c(1467134, 564602.5)",597
2960,"c(1467141.5, 559728.5)",598
2961,"c(1467144.5, 561908)",599
2962,"c(1467145.5, 560103)",600
2966,"c(1467148, 560367)",601
2967,"c(1467150.5, 559803)",602
2969,"c(1467155.5, 560294)",603
2971,"c(1467155, 560696.5)",604
2972,"c(1467157, 562276.5)",605
2978,"c(1467161, 562231.5)",606
2980,"c(1467168, 560616.5)",607
2981,"c(1467170, 560912)",608
2982,"c(1467172, 561314.5)",609
2985,"c(1467176.5, 563238.5)",610
2986,"c(1467176, 560537.5)",611
2988,"c(1467178, 564554.5)",612
2989,"c(1467179.5, 560038)",613
2991,"c(1467184, 559888.5)",614
2992,"c(1467184, 560489.5)",615
2993,"c(1467184, 564487)",616
2994,"c(1467186, 559807)",617
2995,"c(1467187, 564453)",618
2996,"c(1467188, 560809.5)",619
2997,"c(1467190.5, 560371)",620
2999,"c(1467191, 561741)",621
3001,"c(1467192, 564404)",622
3004,"c(1467194, 563048.5)",623
3006,"c(1467197, 564353)",624
3007,"c(1467198.5, 560298.5)",625
3009,"c(1467199, 562140)",626
3010,"c(1467201.5, 564305.5)",627
3012,"c(1467205, 562932.5)",628
3013,"c(1467206.5, 564253)",629
3014,"c(1467211.5, 564201)",630
3015,"c(1467214, 559551.5)",631
3018,"c(1467216.5, 564151)",632
3019,"c(1467221, 564102.5)",633
3021,"c(1467223.5, 564076.5)",634
3022,"c(1467225, 564060.5)",635
3028,"c(1467229.5, 563450)",636
3030,"c(1467232, 562638)",637
3031,"c(1467233.5, 563943.5)",638
3032,"c(1467234, 561320)",639
3033,"c(1467235, 561311)",640
3034,"c(1467235, 563390.5)",641
3035,"c(1467236, 561625)",642
3036,"c(1467237.5, 561725)",643
3037,"c(1467237.5, 563904.5)",644
3038,"c(1467238.5, 563345.5)",645
3039,"c(1467238, 563895.5)",646
3040,"c(1467239.5, 563244)",647
3042,"c(1467241, 559922)",648
3043,"c(1467242, 563296)",649
3044,"c(1467244.5, 564356)",650
3045,"c(1467248, 561289.5)",651
3046,"c(1467249, 563770)",652
3047,"c(1467250.5, 559814.5)",653
3049,"c(1467252, 562639.5)",654
3053,"c(1467256, 561523.5)",655
3054,"c(1467256, 564257.5)",656
3056,"c(1467257, 561224.5)",657
3057,"c(1467258.5, 563660.5)",658
3059,"c(1467259, 563055)",659
3061,"c(1467260.5, 562535)",660
3063,"c(1467262.5, 560499.5)",661
3064,"c(1467265.5, 561424.5)",662
3066,"c(1467266.5, 562937.5)",663
3067,"c(1467268.5, 563552.5)",664
3069,"c(1467269, 562437.5)",665
3070,"c(1467271, 564080)",666
3072,"c(1467273.5, 560377.5)",667
3073,"c(1467275.5, 561323.5)",668
3074,"c(1467275.5, 564020.5)",669
3075,"c(1467276.5, 563942.5)",670
3076,"c(1467277, 562353.5)",671
3077,"c(1467277, 563455)",672
3078,"c(1467278, 561293.5)",673
3081,"c(1467284.5, 561228.5)",674
3084,"c(1467285, 560047)",675
3085,"c(1467286, 561210)",676
3086,"c(1467287.5, 559453)",677
3087,"c(1467287.5, 563350)",678
3088,"c(1467288.5, 561730.5)",679
3089,"c(1467288, 564493)",680
3092,"c(1467293.5, 561134.5)",681
3093,"c(1467295, 564417)",682
3095,"c(1467296.5, 561630.5)",683
3097,"c(1467297.5, 563240.5)",684
3098,"c(1467297, 563249.5)",685
3100,"c(1467298, 561074)",686
3102,"c(1467300, 564359)",687
3104,"c(1467301.5, 563933.5)",688
3105,"c(1467302.5, 563186)",689
3106,"c(1467302, 561018)",690
3109,"c(1467307, 560308)",691
3110,"c(1467310, 564262.5)",692
3111,"c(1467311.5, 560925.5)",693
3112,"c(1467311.5, 563963)",694
3113,"c(1467312.5, 560051)",695
3114,"c(1467312.5, 560118.5)",696
3115,"c(1467312.5, 563080)",697
3117,"c(1467314, 560502.5)",698
3118,"c(1467314, 563060.5)",699
3119,"c(1467316.5, 560866.5)",700
3121,"c(1467317, 563031)",701
3122,"c(1467320.5, 559997)",702
3123,"c(1467320.5, 560823)",703
3126,"c(1467322, 562986)",704
3127,"c(1467326.5, 559928.5)",705
3128,"c(1467326, 560771)",706
3129,"c(1467326, 562942.5)",707
3131,"c(1467327, 562929)",708
3132,"c(1467327, 564085)",709
3133,"c(1467328.5, 559821)",710
3134,"c(1467330, 563459)",711
3135,"c(1467331.5, 560717)",712
3136,"c(1467332, 562878)",713
3137,"c(1467332, 563403)",714
3138,"c(1467336.5, 563354)",715
3139,"c(1467336, 560670.5)",716
3140,"c(1467337, 562820.5)",717
3142,"c(1467339.5, 560632.5)",718
3146,"c(1467342, 562762.5)",719
3147,"c(1467342, 563302.5)",720
3148,"c(1467344.5, 560572.5)",721
3150,"c(1467346.5, 560552)",722
3151,"c(1467346, 563244.5)",723
3152,"c(1467347.5, 562704.5)",724
3153,"c(1467348, 560527)",725
3154,"c(1467352.5, 562648.5)",726
3155,"c(1467354, 564587.5)",727
3156,"c(1467355.5, 560453.5)",728
3158,"c(1467357, 562596)",729
3161,"c(1467361.5, 560935.5)",730
3162,"c(1467361.5, 562544.5)",731
3163,"c(1467361.5, 564266.5)",732
3164,"c(1467361, 560382.5)",733
3165,"c(1467364, 561807.5)",734
3166,"c(1467365, 563085)",735
3167,"c(1467367, 562446.5)",736
3168,"c(1467368.5, 560316)",737
3169,"c(1467368, 561736)",738
3170,"c(1467368, 562424)",739
3171,"c(1467370.5, 562361.5)",740
3173,"c(1467372, 562343)",741
3174,"c(1467374.5, 560249.5)",742
3175,"c(1467374, 561330.5)",743
3176,"c(1467376.5, 561637.5)",744
3177,"c(1467379, 562362.5)",745
3178,"c(1467380, 562344)",746
3179,"c(1467382.5, 559325.5)",747
3180,"c(1467383, 562241)",748
3181,"c(1467386, 560124.5)",749
3183,"c(1467390.5, 562241.5)",750
3185,"c(1467390, 560084)",751
3187,"c(1467392.5, 561813.5)",752
3188,"c(1467392, 562139.5)",753
3189,"c(1467393, 561127.5)",754
3190,"c(1467393, 564456)",755
3191,"c(1467399.5, 562140.5)",756
3192,"c(1467400.5, 562046)",757
3193,"c(1467402, 561341)",758
3194,"c(1467403.5, 559937)",759
3196,"c(1467407, 562012.5)",760
3197,"c(1467408, 562045)",761
3199,"c(1467412, 564271)",762
3203,"c(1467417, 561934)",763
3205,"c(1467419.5, 560387.5)",764
3208,"c(1467427.5, 564092.5)",765
3209,"c(1467428.5, 561821.5)",766
3210,"c(1467428.5, 564617)",767
3212,"c(1467445.5, 559511)",768
3213,"c(1467451, 564578.5)",769
3214,"c(1467454, 561745.5)",770
3217,"c(1467460, 562145.5)",771
3218,"c(1467462, 562113)",772
3219,"c(1467463, 561645.5)",773
3221,"c(1467470, 560392)",774
3222,"c(1467472, 561543.5)",775
3223,"c(1467473.5, 562042)",776
3226,"c(1467476, 560325.5)",777
3227,"c(1467477.5, 560945)",778
3229,"c(1467478.5, 560299)",779
3230,"c(1467478, 564337.5)",780
3232,"c(1467480.5, 562075.5)",781
3234,"c(1467481, 561443.5)",782
3235,"c(1467482.5, 560893.5)",783
3236,"c(1467482, 560258.5)",784
3238,"c(1467487.5, 560839.5)",785
3242,"c(1467490, 561349)",786
3243,"c(1467493, 560290)",787
3246,"c(1467497.5, 560093.5)",788
3247,"c(1467498.5, 564366.5)",789
3253,"c(1467510, 561144)",790
3254,"c(1467512, 559949.5)",791
3255,"c(1467514, 561088)",792
3256,"c(1467517.5, 561043)",793
3258,"c(1467518, 559218.5)",794
3260,"c(1467522, 564161.5)",795
3262,"c(1467526.5, 560949)",796
3263,"c(1467527.5, 564101.5)",797
3264,"c(1467536, 560844.5)",798
3265,"c(1467540.5, 560791)",799
3269,"c(1467545, 560744)",800
3270,"c(1467546, 561829.5)",801
3272,"c(1467550, 560691.5)",802
3273,"c(1467552.5, 561774)",803
3274,"c(1467552.5, 564319)",804
3275,"c(1467553.5, 560650)",805
3278,"c(1467558.5, 560594.5)",806
3281,"c(1467563, 560543.5)",807
3282,"c(1467564.5, 559209.5)",808
3284,"c(1467572.5, 560441.5)",809
3286,"c(1467575, 560254.5)",810
3287,"c(1467576, 560403)",811
3288,"c(1467579, 559957.5)",812
3289,"c(1467581, 561452)",813
3290,"c(1467582.5, 560335)",814
3291,"c(1467586.5, 560288.5)",815
3292,"c(1467587, 560954.5)",816
3294,"c(1467591, 560237.5)",817
3296,"c(1467592.5, 560901)",818
3298,"c(1467597, 560850)",819
3299,"c(1467598, 559499)",820
3300,"c(1467599.5, 560146.5)",821
3301,"c(1467599, 559107)",822
3304,"c(1467603, 560795.5)",823
3307,"c(1467606.5, 560749.5)",824
3308,"c(1467609, 561159.5)",825
3309,"c(1467611.5, 559802)",826
3311,"c(1467611, 560699)",827
3312,"c(1467615.5, 560655.5)",828
3314,"c(1467617, 559956.5)",829
3315,"c(1467618, 559943.5)",830
3316,"c(1467620, 560603.5)",831
3318,"c(1467622, 564188)",832
3320,"c(1467626, 560284.5)",833
3321,"c(1467626, 560549)",834
3323,"c(1467630, 564110)",835
3324,"c(1467632.5, 560094)",836
3325,"c(1467635.5, 563482)",837
3328,"c(1467638.5, 563429.5)",838
3329,"c(1467639, 559346)",839
3330,"c(1467640.5, 560498)",840
3331,"c(1467640, 564001.5)",841
3332,"c(1467642.5, 563382)",842
3334,"c(1467644, 559108.5)",843
3335,"c(1467645.5, 559326)",844
3336,"c(1467647.5, 563325.5)",845
3337,"c(1467648.5, 564111.5)",846
3338,"c(1467650.5, 563271)",847
3340,"c(1467652.5, 559296)",848
3341,"c(1467653, 563214.5)",849
3342,"c(1467654, 561838)",850
3343,"c(1467656.5, 563156.5)",851
3344,"c(1467658.5, 563721)",852
3345,"c(1467659.5, 559538)",853
3346,"c(1467660, 563782.5)",854
3347,"c(1467661.5, 563111.5)",855
3348,"c(1467662.5, 559085.5)",856
3349,"c(1467665, 561781)",857
3350,"c(1467666, 563057)",858
3351,"c(1467667.5, 560097.5)",859
3352,"c(1467669.5, 563014.5)",860
3353,"c(1467669, 560391)",861
3358,"c(1467676.5, 559977.5)",862
3360,"c(1467677, 561460)",863
3361,"c(1467678, 563584)",864
3364,"c(1467684.5, 559606)",865
3366,"c(1467686.5, 563486)",866
3367,"c(1467687.5, 559143)",867
3368,"c(1467687.5, 559576)",868
3372,"c(1467691.5, 559539.5)",869
3373,"c(1467691, 561665.5)",870
3374,"c(1467691, 563436)",871
3375,"c(1467696, 563387)",872
3376,"c(1467698, 559372.5)",873
3378,"c(1467704, 561169.5)",874
3380,"c(1467705, 559189)",875
3381,"c(1467706, 563276)",876
3382,"c(1467709.5, 561110.5)",877
3384,"c(1467711.5, 563219.5)",878
3387,"c(1467714, 561065)",879
3388,"c(1467717.5, 560065)",880
3389,"c(1467717, 559364)",881
3390,"c(1467717, 563167)",882
3391,"c(1467718.5, 559105.5)",883
3392,"c(1467720.5, 559169)",884
3393,"c(1467722.5, 563117)",885
3394,"c(1467723, 560967)",886
3395,"c(1467725, 559204)",887
3396,"c(1467726.5, 563490)",888
3398,"c(1467727, 563069)",889
3399,"c(1467729, 561668.5)",890
3400,"c(1467731.5, 563020)",891
3401,"c(1467732.5, 559907.5)",892
3402,"c(1467732, 563439)",893
3403,"c(1467733.5, 559899)",894
3404,"c(1467735, 563390.5)",895
3405,"c(1467736.5, 562966)",896
3406,"c(1467740.5, 563333)",897
3407,"c(1467741, 562914.5)",898
3409,"c(1467743, 563279)",899
3411,"c(1467745.5, 560349.5)",900
3412,"c(1467745.5, 562863.5)",901
3414,"c(1467747.5, 560294)",902
3417,"c(1467751.5, 562798.5)",903
3420,"c(1467756.5, 562741)",904
3424,"c(1467762, 562685)",905
3426,"c(1467764, 561671.5)",906
3430,"c(1467765, 560562)",907
3431,"c(1467767, 562626.5)",908
3433,"c(1467769.5, 560511)",909
3434,"c(1467769, 560108)",910
3435,"c(1467770.5, 561965)",911
3436,"c(1467771.5, 562580.5)",912
3438,"c(1467774, 560460.5)",913
3439,"c(1467774, 561468.5)",914
3441,"c(1467775.5, 562534.5)",915
3443,"c(1467776, 563075)",916
3444,"c(1467777.5, 561881)",917
3446,"c(1467779, 560401.5)",918
3447,"c(1467780, 562480)",919
3448,"c(1467781.5, 563024)",920
3449,"c(1467783, 560353)",921
3451,"c(1467785, 559885.5)",922
3452,"c(1467787.5, 562398)",923
3454,"c(1467787, 562970.5)",924
3455,"c(1467789.5, 559254)",925
3456,"c(1467789.5, 562379)",926
3458,"c(1467799, 562276)",927
3459,"c(1467800.5, 561178)",928
3461,"c(1467804.5, 559584.5)",929
3462,"c(1467804.5, 559910.5)",930
3463,"c(1467804, 562226.5)",931
3466,"c(1467808.5, 562174.5)",932
3467,"c(1467810.5, 559537.5)",933
3469,"c(1467811.5, 561676)",934
3471,"c(1467813.5, 562124.5)",935
3472,"c(1467814, 559510)",936
3473,"c(1467817, 558815.5)",937
3474,"c(1467818.5, 562073)",938
3477,"c(1467827.5, 561970)",939
3478,"c(1467827, 558159.5)",940
3479,"c(1467827, 558823.5)",941
3481,"c(1467831.5, 559866)",942
3482,"c(1467832.5, 559856.5)",943
3485,"c(1467833, 558371)",944
3488,"c(1467840.5, 561821.5)",945
3489,"c(1467841.5, 559759.5)",946
3490,"c(1467843.5, 561788.5)",947
3494,"c(1467850.5, 559303.5)",948
3496,"c(1467851, 559654)",949
3498,"c(1467853.5, 561679.5)",950
3502,"c(1467855, 558667)",951
3503,"c(1467857, 559588)",952
3507,"c(1467862, 561578.5)",953
3508,"c(1467863, 560873.5)",954
3510,"c(1467865.5, 559496)",955
3512,"c(1467868.5, 564023)",956
3513,"c(1467872, 561477)",957
3515,"c(1467874.5, 562129.5)",958
3516,"c(1467876.5, 562849)",959
3519,"c(1467878, 561413)",960
3520,"c(1467880.5, 558665)",961
3521,"c(1467880.5, 562809.5)",962
3522,"c(1467880, 562076)",963
3524,"c(1467882, 558348)",964
3525,"c(1467884, 559331.5)",965
3526,"c(1467885, 558573.5)",966
3527,"c(1467885, 563569)",967
3529,"c(1467887.5, 561311)",968
3530,"c(1467888.5, 561975)",969
3533,"c(1467891.5, 563506.5)",970
3534,"c(1467893.5, 558344.5)",971
3535,"c(1467896.5, 558420)",972
3536,"c(1467897.5, 563449)",973
3537,"c(1467899.5, 558500)",974
3538,"c(1467899, 561189)",975
3539,"c(1467900.5, 564155.5)",976
3541,"c(1467901, 558702)",977
3543,"c(1467902.5, 562642.5)",978
3544,"c(1467902.5, 563405.5)",979
3546,"c(1467904.5, 561130)",980
3549,"c(1467908, 558420)",981
3550,"c(1467909, 561082)",982
3551,"c(1467909, 563349.5)",983
3552,"c(1467910, 558503.5)",984
3553,"c(1467910, 560415)",985
3554,"c(1467911.5, 559289.5)",986
3555,"c(1467911, 558689)",987
3556,"c(1467914, 560470.5)",988
3557,"c(1467915.5, 558460)",989
3558,"c(1467915.5, 563293.5)",990
3559,"c(1467915, 558784)",991
3561,"c(1467916, 559873.5)",992
3563,"c(1467917, 559863.5)",993
3564,"c(1467918, 560985)",994
3565,"c(1467920.5, 559823.5)",995
3566,"c(1467921, 563239)",996
3569,"c(1467924, 558720)",997
3570,"c(1467925.5, 562080)",998
3573,"c(1467926.5, 563181.5)",999
3575,"c(1467928.5, 558903.5)",1000
3576,"c(1467928, 560879.5)",1001
3577,"c(1467929, 558703)",1002
3579,"c(1467931, 563134)",1003
3580,"c(1467932.5, 560828)",1004
3582,"c(1467934.5, 561979)",1005
3583,"c(1467935.5, 563088)",1006
3585,"c(1467937, 560779.5)",1007
3587,"c(1467940.5, 563036.5)",1008
3589,"c(1467942, 560727.5)",1009
3591,"c(1467945.5, 559600)",1010
3592,"c(1467945.5, 562984)",1011
3593,"c(1467946.5, 561856)",1012
3594,"c(1467946, 560685.5)",1013
3597,"c(1467950, 562935.5)",1014
3598,"c(1467951.5, 558670)",1015
3599,"c(1467951.5, 559984.5)",1016
3600,"c(1467951, 558741)",1017
3601,"c(1467951, 560631)",1018
3604,"c(1467955.5, 560579)",1019
3605,"c(1467955.5, 563749)",1020
3606,"c(1467955, 562882.5)",1021
3607,"c(1467957.5, 559924)",1022
3610,"c(1467958, 558555.5)",1023
3611,"c(1467960, 560528.5)",1024
3612,"c(1467961.5, 562816.5)",1025
3613,"c(1467961, 558431.5)",1026
3614,"c(1467962, 559877)",1027
3616,"c(1467963, 559867)",1028
3621,"c(1467967, 560454)",1029
3623,"c(1467969.5, 558528.5)",1030
3627,"c(1467972.5, 562702)",1031
3629,"c(1467973.5, 562083.5)",1032
3630,"c(1467974.5, 560370)",1033
3633,"c(1467979, 559301)",1034
3635,"c(1467982.5, 561983.5)",1035
3636,"c(1467982, 558834)",1036
3641,"c(1467986.5, 558634)",1037
3643,"c(1467989.5, 559605)",1038
3646,"c(1467992.5, 559739.5)",1039
3648,"c(1467996.5, 559508)",1040
3650,"c(1467999.5, 561089.5)",1041
3653,"c(1468006.5, 563522)",1042
3654,"c(1468009, 562244.5)",1043
3657,"c(1468010, 558966)",1044
3661,"c(1468015.5, 559156.5)",1045
3662,"c(1468015.5, 559668)",1046
3663,"c(1468016.5, 564259.5)",1047
3664,"c(1468018.5, 562141.5)",1048
3667,"c(1468020, 559608.5)",1049
3668,"c(1468020, 564471)",1050
3670,"c(1468023, 562087.5)",1051
3672,"c(1468027.5, 560787.5)",1052
3673,"c(1468028, 558551.5)",1053
3675,"c(1468032.5, 561988)",1054
3681,"c(1468043, 558811)",1055
3684,"c(1468048.5, 564616)",1056
3685,"c(1468049.5, 560546.5)",1057
3686,"c(1468049, 564045)",1058
3688,"c(1468053.5, 561822)",1059
3689,"c(1468053, 558501)",1060
3691,"c(1468054.5, 558748.5)",1061
3692,"c(1468054.5, 559691)",1062
3693,"c(1468055.5, 559386)",1063
3695,"c(1468057.5, 558735)",1064
3697,"c(1468057, 560463.5)",1065
3698,"c(1468058, 559308.5)",1066
3700,"c(1468059, 559631)",1067
3701,"c(1468059, 563526)",1068
3705,"c(1468062, 563960.5)",1069
3707,"c(1468065, 559530.5)",1070
3708,"c(1468066.5, 563837.5)",1071
3710,"c(1468069, 559570)",1072
3711,"c(1468070.5, 558693.5)",1073
3712,"c(1468072.5, 559515.5)",1074
3716,"c(1468075, 558468)",1075
3718,"c(1468076.5, 562092)",1076
3720,"c(1468077.5, 563760.5)",1077
3721,"c(1468079.5, 558698.5)",1078
3722,"c(1468079.5, 561494.5)",1079
3723,"c(1468084.5, 559388.5)",1080
3724,"c(1468086.5, 563664.5)",1081
3725,"c(1468087, 561993)",1082
3727,"c(1468092.5, 563606.5)",1083
3731,"c(1468095.5, 559344)",1084
3733,"c(1468097.5, 561430.5)",1085
3734,"c(1468098.5, 561206.5)",1086
3735,"c(1468098, 563542.5)",1087
3736,"c(1468099.5, 558617.5)",1088
3738,"c(1468099, 563536)",1089
3739,"c(1468100, 563522)",1090
3740,"c(1468100, 564427.5)",1091
3742,"c(1468103, 559125.5)",1092
3743,"c(1468104.5, 563473)",1093
3744,"c(1468105, 563465)",1094
3745,"c(1468106, 559040)",1095
3746,"c(1468107.5, 558813.5)",1096
3747,"c(1468107.5, 560905.5)",1097
3748,"c(1468107.5, 563536.5)",1098
3749,"c(1468107, 563447)",1099
3751,"c(1468108, 558306.5)",1100
3752,"c(1468108, 564429)",1101
3754,"c(1468109, 563425)",1102
3755,"c(1468109, 563522.5)",1103
3759,"c(1468112, 563512)",1104
3763,"c(1468114.5, 558582)",1105
3764,"c(1468114.5, 558933)",1106
3765,"c(1468114.5, 559224)",1107
3766,"c(1468115.5, 560552.5)",1108
3768,"c(1468115, 558480.5)",1109
3769,"c(1468115, 563365.5)",1110
3771,"c(1468117.5, 560795)",1111
3774,"c(1468119.5, 562406.5)",1112
3776,"c(1468120.5, 563312)",1113
3778,"c(1468122, 563297)",1114
3781,"c(1468125.5, 558254.5)",1115
3782,"c(1468126, 562255)",1116
3783,"c(1468126, 563259)",1117
3785,"c(1468128, 563241)",1118
3786,"c(1468129.5, 558729)",1119
3788,"c(1468129, 562095.5)",1120
3789,"c(1468131.5, 560471)",1121
3790,"c(1468132.5, 563197)",1122
3792,"c(1468133, 558233.5)",1123
3795,"c(1468135, 559570)",1124
3796,"c(1468137.5, 563525)",1125
3797,"c(1468137, 563153)",1126
3798,"c(1468138.5, 561998)",1127
3799,"c(1468138, 559521.5)",1128
3803,"c(1468141, 563103.5)",1129
3805,"c(1468142, 558207)",1130
3806,"c(1468143.5, 564003)",1131
3807,"c(1468145.5, 563056.5)",1132
3808,"c(1468146.5, 559070)",1133
3811,"c(1468150, 563002)",1134
3812,"c(1468153, 558175)",1135
3814,"c(1468154, 562957)",1136
3815,"c(1468155.5, 564463.5)",1137
3816,"c(1468157, 561477)",1138
3817,"c(1468158.5, 559894.5)",1139
3819,"c(1468159, 559883)",1140
3820,"c(1468159, 562902.5)",1141
3822,"c(1468162.5, 564435)",1142
3823,"c(1468162, 559395.5)",1143
3824,"c(1468162, 561429.5)",1144
3825,"c(1468165, 562835.5)",1145
3826,"c(1468166.5, 562421)",1146
3827,"c(1468166, 562820)",1147
3828,"c(1468167, 559789.5)",1148
3829,"c(1468168.5, 562408.5)",1149
3830,"c(1468168.5, 562719.5)",1150
3832,"c(1468170.5, 558958)",1151
3833,"c(1468170, 561254.5)",1152
3834,"c(1468170, 561385)",1153
3837,"c(1468174.5, 561213.5)",1154
3839,"c(1468175, 558846)",1155
3840,"c(1468176.5, 559183.5)",1156
3841,"c(1468178.5, 562615.5)",1157
3842,"c(1468178.5, 562720.5)",1158
3843,"c(1468179.5, 564184.5)",1159
3844,"c(1468180, 561157.5)",1160
3846,"c(1468181, 558520.5)",1161
3847,"c(1468182.5, 559249)",1162
3848,"c(1468184.5, 561110.5)",1163
3849,"c(1468184, 559666)",1164
3850,"c(1468188.5, 562615)",1165
3852,"c(1468190.5, 562517)",1166
3853,"c(1468191.5, 562445)",1167
3854,"c(1468191, 564215)",1168
3855,"c(1468192, 562422.5)",1169
3856,"c(1468193, 562409.5)",1170
3857,"c(1468194.5, 561008)",1171
3858,"c(1468194, 558177)",1172
3859,"c(1468196.5, 562385)",1173
3860,"c(1468196, 558229.5)",1174
3862,"c(1468197.5, 562518)",1175
3866,"c(1468201, 560437)",1176
3868,"c(1468203.5, 560916)",1177
3869,"c(1468203.5, 562004)",1178
3870,"c(1468205.5, 562444.5)",1179
3871,"c(1468206.5, 558896.5)",1180
3872,"c(1468208, 562423)",1181
3873,"c(1468209, 562409)",1182
3874,"c(1468211, 558530.5)",1183
3875,"c(1468211, 562385)",1184
3876,"c(1468212.5, 562263)",1185
3877,"c(1468212, 560822)",1186
3878,"c(1468215.5, 563247)",1187
3884,"c(1468220.5, 562264)",1188
3885,"c(1468220, 560539.5)",1189
3886,"c(1468220, 560647.5)",1190
3887,"c(1468220, 560729.5)",1191
3888,"c(1468220, 562158)",1192
3889,"c(1468221.5, 564608)",1193
3894,"c(1468224, 563146.5)",1194
3895,"c(1468226.5, 563675.5)",1195
3896,"c(1468226, 563455)",1196
3898,"c(1468229, 562159)",1197
3899,"c(1468230.5, 562423)",1198
3900,"c(1468232.5, 558370)",1199
3901,"c(1468233, 562021)",1200
3902,"c(1468233, 562409.5)",1201
3903,"c(1468234, 561008.5)",1202
3904,"c(1468235.5, 563799.5)",1203
3905,"c(1468235, 561981.5)",1204
3906,"c(1468236, 561966.5)",1205
3907,"c(1468238.5, 562973)",1206
3908,"c(1468238.5, 563306)",1207
3909,"c(1468238, 559456)",1208
3910,"c(1468239, 562051)",1209
3911,"c(1468240.5, 559670)",1210
3912,"c(1468241.5, 562027.5)",1211
3913,"c(1468243, 559696)",1212
3914,"c(1468243, 563249.5)",1213
3916,"c(1468245, 561967)",1214
3917,"c(1468246.5, 561827)",1215
3918,"c(1468246, 559581)",1216
3919,"c(1468247.5, 559559)",1217
3920,"c(1468248.5, 563747.5)",1218
3922,"c(1468249, 564419)",1219
3923,"c(1468252, 562841.5)",1220
3925,"c(1468254, 561117.5)",1221
3926,"c(1468254, 561827.5)",1222
3927,"c(1468254, 563882)",1223
3929,"c(1468255.5, 564480)",1224
3930,"c(1468255, 559931)",1225
3931,"c(1468256.5, 558388)",1226
3933,"c(1468257.5, 559903)",1227
3935,"c(1468258, 561394)",1228
3936,"c(1468260, 558844)",1229
3937,"c(1468260, 561669.5)",1230
3938,"c(1468264.5, 562040.5)",1231
3939,"c(1468264, 558896.5)",1232
3940,"c(1468264, 561594.5)",1233
3942,"c(1468268, 561562)",1234
3945,"c(1468269.5, 561671)",1235
3950,"c(1468277.5, 563885)",1236
3952,"c(1468278.5, 561522)",1237
3954,"c(1468279.5, 561512)",1238
3956,"c(1468284.5, 559934)",1239
3957,"c(1468287.5, 558644)",1240
3958,"c(1468287.5, 560408.5)",1241
3959,"c(1468288.5, 559264)",1242
3960,"c(1468288.5, 559905.5)",1243
3962,"c(1468289.5, 559895)",1244
3963,"c(1468289, 560925)",1245
3964,"c(1468295, 558741.5)",1246
3965,"c(1468296.5, 560833)",1247
3966,"c(1468297, 560343.5)",1248
3968,"c(1468304.5, 560740.5)",1249
3969,"c(1468304.5, 563255)",1250
3971,"c(1468305.5, 561398)",1251
3972,"c(1468307.5, 560499.5)",1252
3973,"c(1468307, 560658)",1253
3976,"c(1468309.5, 561389)",1254
3977,"c(1468311.5, 564201)",1255
3978,"c(1468311, 559537.5)",1256
3979,"c(1468311, 559674.5)",1257
3980,"c(1468313.5, 564212.5)",1258
3982,"c(1468317, 564104.5)",1259
3984,"c(1468319.5, 559042)",1260
3985,"c(1468319, 559586.5)",1261
3986,"c(1468321, 560427.5)",1262
3987,"c(1468321, 563072)",1263
3988,"c(1468321, 564255.5)",1264
3989,"c(1468322.5, 559411)",1265
3991,"c(1468323.5, 561200.5)",1266
3994,"c(1468327.5, 560564.5)",1267
3995,"c(1468327.5, 563464)",1268
3996,"c(1468329, 558554.5)",1269
4000,"c(1468332, 558288.5)",1270
4001,"c(1468333.5, 558660)",1271
4003,"c(1468337, 560318)",1272
4004,"c(1468339.5, 562849.5)",1273
4005,"c(1468339, 561474)",1274
4006,"c(1468340, 559037)",1275
4007,"c(1468344, 559340.5)",1276
4009,"c(1468346, 562621)",1277
4015,"c(1468351.5, 558731)",1278
4016,"c(1468351, 564484.5)",1279
4017,"c(1468352, 559911.5)",1280
4018,"c(1468352, 561405.5)",1281
4020,"c(1468353, 559901)",1282
4026,"c(1468359.5, 559103.5)",1283
4027,"c(1468359, 559031)",1284
4028,"c(1468361, 559140.5)",1285
4029,"c(1468362.5, 559812)",1286
4030,"c(1468366, 558186)",1287
4033,"c(1468375, 564438.5)",1288
4034,"c(1468376.5, 559343.5)",1289
4035,"c(1468376, 558807.5)",1290
4036,"c(1468377.5, 560964.5)",1291
4037,"c(1468378.5, 561232.5)",1292
4040,"c(1468382, 562853)",1293
4041,"c(1468383, 558315)",1294
4042,"c(1468383, 561343.5)",1295
4043,"c(1468384, 560262)",1296
4044,"c(1468390.5, 559418)",1297
4046,"c(1468390, 560967)",1298
4048,"c(1468392, 562739)",1299
4049,"c(1468393.5, 558861)",1300
4051,"c(1468395.5, 559144)",1301
4052,"c(1468395.5, 559684.5)",1302
4053,"c(1468396, 563541.5)",1303
4055,"c(1468397, 561190.5)",1304
4060,"c(1468403, 561291.5)",1305
4062,"c(1468405.5, 559594.5)",1306
4063,"c(1468406, 560969)",1307
4065,"c(1468407, 560937.5)",1308
4066,"c(1468408.5, 560354)",1309
4067,"c(1468408, 561165.5)",1310
4068,"c(1468408, 561484.5)",1311
4069,"c(1468408, 563079.5)",1312
4070,"c(1468410.5, 559109.5)",1313
4072,"c(1468411.5, 559545.5)",1314
4073,"c(1468412.5, 560328)",1315
4074,"c(1468412.5, 563893.5)",1316
4075,"c(1468412, 560891)",1317
4076,"c(1468414.5, 558523.5)",1318
4079,"c(1468415, 560453.5)",1319
4080,"c(1468416, 564504)",1320
4089,"c(1468428, 562628.5)",1321
4090,"c(1468429, 561237)",1322
4091,"c(1468431, 560494.5)",1323
4094,"c(1468435.5, 561981)",1324
4098,"c(1468438, 563749)",1325
4099,"c(1468440, 560974.5)",1326
4100,"c(1468440, 562402)",1327
4103,"c(1468443, 561900)",1328
4105,"c(1468445.5, 561833)",1329
4106,"c(1468445.5, 564109)",1330
4108,"c(1468446, 561176)",1331
4110,"c(1468448, 560159)",1332
4111,"c(1468448, 563861)",1333
4112,"c(1468449.5, 561071.5)",1334
4113,"c(1468450.5, 559547.5)",1335
4114,"c(1468450.5, 561559)",1336
4115,"c(1468450, 558445)",1337
4117,"c(1468453.5, 561471.5)",1338
4118,"c(1468454.5, 559351)",1339
4119,"c(1468454.5, 560693)",1340
4120,"c(1468455.5, 562339.5)",1341
4121,"c(1468457.5, 561414.5)",1342
4124,"c(1468459.5, 559114)",1343
4125,"c(1468459.5, 562381)",1344
4126,"c(1468459.5, 563896)",1345
4129,"c(1468460, 560001)",1346
4130,"c(1468461.5, 562399.5)",1347
4133,"c(1468462, 561353)",1348
4135,"c(1468464, 562411)",1349
4136,"c(1468465, 561699)",1350
4137,"c(1468466.5, 563304)",1351
4139,"c(1468466, 559921.5)",1352
4140,"c(1468466, 564541)",1353
4141,"c(1468467.5, 563280)",1354
4143,"c(1468467, 559246)",1355
4144,"c(1468468.5, 560978.5)",1356
4145,"c(1468468.5, 563535.5)",1357
4147,"c(1468469.5, 558504)",1358
4149,"c(1468470, 562163.5)",1359
4151,"c(1468471, 563703)",1360
4152,"c(1468472, 561638)",1361
4155,"c(1468473, 561288)",1362
4157,"c(1468475.5, 564387)",1363
4158,"c(1468475, 560476.5)",1364
4159,"c(1468476.5, 562164)",1365
4160,"c(1468477.5, 562396)",1366
4161,"c(1468477, 558831.5)",1367
4162,"c(1468478, 561241.5)",1368
4163,"c(1468478, 562070)",1369
4165,"c(1468479.5, 561188)",1370
4167,"c(1468484.5, 561086.5)",1371
4172,"c(1468490.5, 560361.5)",1372
4177,"c(1468495.5, 563088.5)",1373
4179,"c(1468497.5, 558891.5)",1374
4181,"c(1468499.5, 564575.5)",1375
4183,"c(1468501.5, 562283)",1376
4184,"c(1468502.5, 560952.5)",1377
4185,"c(1468502, 559851)",1378
4186,"c(1468502, 559915)",1379
4188,"c(1468505, 564279)",1380
4189,"c(1468507, 559864.5)",1381
4190,"c(1468507, 560193.5)",1382
4191,"c(1468508.5, 563896.5)",1383
4193,"c(1468510, 560122)",1384
4195,"c(1468512.5, 559857.5)",1385
4196,"c(1468512, 561836)",1386
4198,"c(1468514, 559120)",1387
4200,"c(1468516, 561047)",1388
4201,"c(1468520, 559504.5)",1389
4202,"c(1468521.5, 559551.5)",1390
4203,"c(1468525.5, 559154)",1391
4204,"c(1468525.5, 563314)",1392
4206,"c(1468527.5, 559927)",1393
4208,"c(1468528, 558882)",1394
4209,"c(1468528, 559432)",1395
4210,"c(1468528, 559917.5)",1396
4211,"c(1468528, 563467.5)",1397
4216,"c(1468534.5, 559358.5)",1398
4217,"c(1468534.5, 561108)",1399
4220,"c(1468534, 561644)",1400
4224,"c(1468539, 563810.5)",1401
4228,"c(1468543, 563445.5)",1402
4229,"c(1468544.5, 559860.5)",1403
4230,"c(1468546, 559232)",1404
4231,"c(1468547.5, 559820)",1405
4232,"c(1468547, 563463)",1406
4233,"c(1468548.5, 560568.5)",1407
4234,"c(1468548.5, 561477)",1408
4239,"c(1468552.5, 559159.5)",1409
4240,"c(1468552.5, 559552)",1410
4241,"c(1468552.5, 563488)",1411
4245,"c(1468554.5, 563986.5)",1412
4246,"c(1468556.5, 560761)",1413
4248,"c(1468557, 561394)",1414
4249,"c(1468558, 558972.5)",1415
4250,"c(1468560, 563538.5)",1416
4251,"c(1468562.5, 561646.5)",1417
4254,"c(1468566, 558461)",1418
4255,"c(1468567.5, 558804)",1419
4257,"c(1468567, 563293.5)",1420
4259,"c(1468570, 561250)",1421
4261,"c(1468571, 560924.5)",1422
4262,"c(1468574, 564395.5)",1423
4269,"c(1468582, 558335)",1424
4270,"c(1468582, 563140)",1425
4271,"c(1468584.5, 561138.5)",1426
4272,"c(1468586.5, 563985.5)",1427
4274,"c(1468586, 563099)",1428
4275,"c(1468587.5, 561131)",1429
4276,"c(1468588, 563748.5)",1430
4279,"c(1468591.5, 561121)",1431
4281,"c(1468592.5, 560369)",1432
4282,"c(1468594.5, 561398.5)",1433
4285,"c(1468595, 563527)",1434
4286,"c(1468596.5, 562991)",1435
4287,"c(1468600.5, 559933.5)",1436
4288,"c(1468601, 559924)",1437
4292,"c(1468606, 560848)",1438
4293,"c(1468606, 561863)",1439
4294,"c(1468606, 563902.5)",1440
4295,"c(1468606, 564501.5)",1441
4296,"c(1468607, 559823.5)",1442
4297,"c(1468609.5, 562847.5)",1443
4298,"c(1468610.5, 559440)",1444
4299,"c(1468610.5, 562838)",1445
4301,"c(1468611.5, 560764)",1446
4304,"c(1468613, 560688.5)",1447
4307,"c(1468614, 559370.5)",1448
4311,"c(1468617.5, 562760)",1449
4312,"c(1468617, 559322.5)",1450
4317,"c(1468621, 562082.5)",1451
4318,"c(1468621, 563518.5)",1452
4321,"c(1468623.5, 559963)",1453
4322,"c(1468625.5, 559936)",1454
4324,"c(1468626.5, 559926.5)",1455
4326,"c(1468626, 564274.5)",1456
4327,"c(1468628.5, 559899.5)",1457
4328,"c(1468628.5, 561998.5)",1458
4329,"c(1468628, 559239.5)",1459
4331,"c(1468630, 561156)",1460
4333,"c(1468631, 559867)",1461
4335,"c(1468634.5, 561144)",1462
4336,"c(1468634.5, 561928)",1463
4337,"c(1468634, 559827.5)",1464
4339,"c(1468636.5, 559795.5)",1465
4340,"c(1468636, 561909)",1466
4342,"c(1468639, 563519)",1467
4343,"c(1468640.5, 559747)",1468
4344,"c(1468641.5, 561012.5)",1469
4347,"c(1468644, 562762.5)",1470
4352,"c(1468649.5, 562430)",1471
4354,"c(1468650, 561816)",1472
4361,"c(1468653.5, 561102.5)",1473
4363,"c(1468654, 559938.5)",1474
4366,"c(1468655, 559929)",1475
4368,"c(1468656.5, 559076.5)",1476
4369,"c(1468656.5, 559543.5)",1477
4370,"c(1468656, 562180)",1478
4371,"c(1468657, 564585)",1479
4374,"c(1468659.5, 561724)",1480
4375,"c(1468659.5, 563147.5)",1481
4376,"c(1468659, 562651)",1482
4378,"c(1468663, 559458)",1483
4380,"c(1468665, 560956.5)",1484
4385,"c(1468670.5, 560944)",1485
4386,"c(1468671.5, 561614.5)",1486
4388,"c(1468672, 564581)",1487
4389,"c(1468673.5, 562529)",1488
4391,"c(1468674.5, 559326.5)",1489
4393,"c(1468676, 562841.5)",1490
4396,"c(1468677, 559153.5)",1491
4397,"c(1468678.5, 559172)",1492
4398,"c(1468679.5, 563783)",1493
4400,"c(1468682.5, 561491)",1494
4401,"c(1468682.5, 563986.5)",1495
4404,"c(1468683, 564356)",1496
4409,"c(1468686, 563064)",1497
4410,"c(1468688.5, 564645)",1498
4412,"c(1468690.5, 558419)",1499
4413,"c(1468690, 563908.5)",1500
4414,"c(1468691, 563813.5)",1501
4416,"c(1468694, 562996.5)",1502
4417,"c(1468696.5, 562920)",1503
4420,"c(1468701.5, 560868.5)",1504
4421,"c(1468701.5, 564419.5)",1505
4422,"c(1468702.5, 561262)",1506
4423,"c(1468703.5, 564178)",1507
4425,"c(1468709.5, 564127)",1508
4431,"c(1468718.5, 564049)",1509
4433,"c(1468720, 563595)",1510
4434,"c(1468721.5, 563494.5)",1511
4435,"c(1468721.5, 563554.5)",1512
4442,"c(1468727, 558318)",1513
4447,"c(1468731.5, 560405.5)",1514
4452,"c(1468735.5, 560777)",1515
4454,"c(1468736.5, 558445)",1516
4455,"c(1468736.5, 564508)",1517
4457,"c(1468738.5, 559807)",1518
4458,"c(1468741.5, 560691)",1519
4461,"c(1468744.5, 559133.5)",1520
4464,"c(1468745.5, 562963)",1521
4465,"c(1468746.5, 563740.5)",1522
4466,"c(1468746, 561931.5)",1523
4470,"c(1468759, 560117)",1524
4472,"c(1468762.5, 558741.5)",1525
4473,"c(1468763.5, 563184)",1526
4475,"c(1468763, 562862.5)",1527
4478,"c(1468771.5, 562998)",1528
4483,"c(1468774.5, 559950)",1529
4484,"c(1468774.5, 563970)",1530
4485,"c(1468774, 562440.5)",1531
4486,"c(1468775.5, 559940)",1532
4488,"c(1468776.5, 563915.5)",1533
4490,"c(1468781.5, 562517.5)",1534
4493,"c(1468782, 562100.5)",1535
4494,"c(1468783, 561387)",1536
4496,"c(1468786.5, 564635)",1537
4499,"c(1468793, 562921.5)",1538
4502,"c(1468798.5, 562322)",1539
4503,"c(1468799, 562308)",1540
4505,"c(1468800, 562292.5)",1541
4507,"c(1468803.5, 562236)",1542
4508,"c(1468804, 562595)",1543
4510,"c(1468807.5, 562193)",1544
4512,"c(1468813, 562307.5)",1545
4517,"c(1468815, 562104.5)",1546
4526,"c(1468826, 563745)",1547
4531,"c(1468834, 560700.5)",1548
4532,"c(1468834, 561132)",1549
4533,"c(1468834, 561274)",1550
4534,"c(1468836.5, 562781)",1551
4537,"c(1468838, 559560.5)",1552
4538,"c(1468839, 560788.5)",1553
4542,"c(1468842, 564321.5)",1554
4543,"c(1468843, 561202)",1555
4544,"c(1468844.5, 559474)",1556
4545,"c(1468846.5, 561053.5)",1557
4546,"c(1468846.5, 562669)",1558
4551,"c(1468850, 561393.5)",1559
4552,"c(1468850, 564222)",1560
4554,"c(1468851.5, 564137)",1561
4556,"c(1468854.5, 564156)",1562
4558,"c(1468854, 563392.5)",1563
4560,"c(1468858.5, 561276)",1564
4561,"c(1468858.5, 564054)",1565
4563,"c(1468859.5, 561812)",1566
4564,"c(1468860, 564137.5)",1567
4571,"c(1468866.5, 562924.5)",1568
4572,"c(1468866, 561744.5)",1569
4574,"c(1468867, 564054)",1570
4578,"c(1468871, 563922.5)",1571
4579,"c(1468874.5, 563976)",1572
4580,"c(1468877, 564624)",1573
4582,"c(1468879, 563923)",1574
4583,"c(1468880, 563829)",1575
4585,"c(1468883.5, 563068)",1576
4586,"c(1468885, 563810.5)",1577
4587,"c(1468886.5, 563829.5)",1578
4593,"c(1468889.5, 563523.5)",1579
4594,"c(1468889, 563755)",1580
4595,"c(1468890.5, 561279)",1581
4596,"c(1468891.5, 562590)",1582
4597,"c(1468891, 563730.5)",1583
4600,"c(1468892, 562673)",1584
4603,"c(1468894.5, 563365.5)",1585
4606,"c(1468897.5, 563382.5)",1586
4609,"c(1468899, 563620)",1587
4610,"c(1468901, 564316)",1588
4613,"c(1468903, 562787.5)",1589
4614,"c(1468903, 563569)",1590
4615,"c(1468905, 562674.5)",1591
4617,"c(1468906.5, 563530.5)",1592
4618,"c(1468908, 559061.5)",1593
4619,"c(1468908, 563516)",1594
4622,"c(1468911.5, 563460)",1595
4623,"c(1468911, 559565)",1596
4624,"c(1468911, 563472)",1597
4626,"c(1468914, 562499)",1598
4632,"c(1468928.5, 563292.5)",1599
4633,"c(1468931.5, 558472.5)",1600
4639,"c(1468941.5, 560797.5)",1601
4640,"c(1468941, 564120)",1602
4642,"c(1468944.5, 564064)",1603
4645,"c(1468953, 563221.5)",1604
4646,"c(1468954.5, 561949.5)",1605
4648,"c(1468957, 563370.5)",1606
4649,"c(1468958.5, 563621)",1607
4651,"c(1468960, 560713.5)",1608
4652,"c(1468961, 561243.5)",1609
4653,"c(1468962.5, 558677)",1610
4655,"c(1468963, 561662.5)",1611
4656,"c(1468963, 562948.5)",1612
4657,"c(1468964.5, 563158)",1613
4659,"c(1468967.5, 562919.5)",1614
4664,"c(1468973, 561405)",1615
4665,"c(1468975, 559605.5)",1616
4666,"c(1468977.5, 561496.5)",1617
4668,"c(1468982, 562304.5)",1618
4669,"c(1468982, 564203.5)",1619
4670,"c(1468982, 564327)",1620
4671,"c(1468983.5, 563483)",1621
4672,"c(1468984, 563077)",1622
4674,"c(1468987.5, 562316)",1623
4676,"c(1468996.5, 564300.5)",1624
4677,"c(1468997.5, 559487.5)",1625
4678,"c(1469003, 564090)",1626
4680,"c(1469004, 564584.5)",1627
4682,"c(1469005.5, 563072.5)",1628
4686,"c(1469010.5, 559488.5)",1629
4687,"c(1469011, 563934)",1630
4689,"c(1469018, 562363)",1631
4690,"c(1469019, 562318)",1632
4692,"c(1469020, 562306.5)",1633
4694,"c(1469022.5, 561945)",1634
4695,"c(1469023, 562268)",1635
4697,"c(1469026.5, 562237.5)",1636
4698,"c(1469027, 562799)",1637
4699,"c(1469033, 562192)",1638
4700,"c(1469034, 560638)",1639
4701,"c(1469038.5, 562135)",1640
4704,"c(1469043, 562087)",1641
4705,"c(1469045, 563839.5)",1642
4706,"c(1469046, 563154.5)",1643
4708,"c(1469049, 560540)",1644
4709,"c(1469049, 562020.5)",1645
4711,"c(1469051, 561412.5)",1646
4712,"c(1469052, 563597.5)",1647
4715,"c(1469055.5, 563122.5)",1648
4716,"c(1469057.5, 562309.5)",1649
4722,"c(1469066.5, 558632.5)",1650
4723,"c(1469066.5, 562323)",1651
4726,"c(1469067, 561253)",1652
4729,"c(1469074, 561747)",1653
4730,"c(1469076.5, 561153)",1654
4731,"c(1469076.5, 562655.5)",1655
4734,"c(1469080.5, 561254)",1656
4736,"c(1469080, 562998)",1657
4738,"c(1469082.5, 561103)",1658
4740,"c(1469084, 563421.5)",1659
4743,"c(1469087.5, 558618.5)",1660
4744,"c(1469087.5, 562892)",1661
4745,"c(1469090, 564144)",1662
4746,"c(1469090, 564323)",1663
4747,"c(1469091.5, 558629.5)",1664
4748,"c(1469091, 562452)",1665
4749,"c(1469094.5, 561504)",1666
4750,"c(1469094, 561507)",1667
4752,"c(1469095, 562651)",1668
4755,"c(1469103.5, 559970.5)",1669
4756,"c(1469103.5, 560532.5)",1670
4759,"c(1469106, 561571)",1671
4760,"c(1469107.5, 564033.5)",1672
4761,"c(1469108.5, 558636)",1673
4762,"c(1469108, 558599.5)",1674
4763,"c(1469112.5, 561299)",1675
4765,"c(1469115, 560722.5)",1676
4766,"c(1469116.5, 564042.5)",1677
4767,"c(1469117, 563353.5)",1678
4768,"c(1469117, 564584)",1679
4769,"c(1469118.5, 561103.5)",1680
4770,"c(1469119.5, 558605.5)",1681
4771,"c(1469119, 558629)",1682
4778,"c(1469123.5, 558584)",1683
4779,"c(1469128, 558653.5)",1684
4781,"c(1469130, 561118)",1685
4782,"c(1469131, 562070)",1686
4783,"c(1469132.5, 561090.5)",1687
4787,"c(1469136.5, 559941)",1688
4789,"c(1469138, 559921)",1689
4790,"c(1469140, 561536)",1690
4791,"c(1469141.5, 559883.5)",1691
4792,"c(1469142, 560527)",1692
4793,"c(1469144.5, 559851.5)",1693
4795,"c(1469144, 561105)",1694
4796,"c(1469145, 563856.5)",1695
4798,"c(1469153.5, 563798.5)",1696
4799,"c(1469155.5, 559613.5)",1697
4800,"c(1469155.5, 559734.5)",1698
4803,"c(1469160.5, 563133)",1699
4804,"c(1469160, 560727)",1700
4805,"c(1469161, 564520.5)",1701
4806,"c(1469162.5, 560700.5)",1702
4808,"c(1469165.5, 559632)",1703
4809,"c(1469166.5, 563654.5)",1704
4811,"c(1469168, 562812.5)",1705
4812,"c(1469169.5, 563620.5)",1706
4815,"c(1469175, 562901.5)",1707
4816,"c(1469178.5, 562743)",1708
4821,"c(1469196.5, 562891.5)",1709
4823,"c(1469198.5, 561577)",1710
4826,"c(1469202, 559980)",1711
4828,"c(1469205, 559893)",1712
4829,"c(1469205, 564199.5)",1713
4830,"c(1469206.5, 559962)",1714
4832,"c(1469208.5, 561542.5)",1715
4833,"c(1469208, 564452.5)",1716
4834,"c(1469209.5, 562135)",1717
4839,"c(1469215.5, 561518.5)",1718
4842,"c(1469221.5, 563227)",1719
4843,"c(1469228.5, 563864.5)",1720
4844,"c(1469229.5, 562599)",1721
4845,"c(1469230.5, 563300.5)",1722
4846,"c(1469234, 560306.5)",1723
4847,"c(1469237.5, 562295.5)",1724
4848,"c(1469239.5, 562326.5)",1725
4850,"c(1469243, 562829)",1726
4852,"c(1469244, 563137)",1727
4855,"c(1469248, 562344)",1728
4856,"c(1469250.5, 563953.5)",1729
4857,"c(1469251.5, 562065.5)",1730
4859,"c(1469255.5, 563099.5)",1731
4861,"c(1469258.5, 562013.5)",1732
4862,"c(1469258, 559996)",1733
4863,"c(1469260.5, 562328.5)",1734
4865,"c(1469262.5, 564373.5)",1735
4866,"c(1469264, 563638)",1736
4868,"c(1469268.5, 562180.5)",1737
4871,"c(1469269, 563818)",1738
4877,"c(1469286, 559987.5)",1739
4883,"c(1469294.5, 558325)",1740
4885,"c(1469295, 559080)",1741
4890,"c(1469305.5, 564190)",1742
4891,"c(1469307.5, 564240)",1743
4894,"c(1469311, 564322)",1744
4896,"c(1469316.5, 558297)",1745
4897,"c(1469316, 564054.5)",1746
4898,"c(1469321, 562927.5)",1747
4901,"c(1469329, 562325)",1748
4903,"c(1469333, 563162)",1749
4904,"c(1469338, 563111.5)",1750
4905,"c(1469341.5, 563302)",1751
4908,"c(1469344.5, 558260.5)",1752
4910,"c(1469355, 560005.5)",1753
4911,"c(1469356, 559994.5)",1754
4912,"c(1469359, 562199.5)",1755
4913,"c(1469363, 562969.5)",1756
4914,"c(1469365.5, 563963)",1757
4915,"c(1469373, 558222.5)",1758
4916,"c(1469374.5, 559284)",1759
4918,"c(1469379.5, 558197)",1760
4922,"c(1469384, 564410.5)",1761
4924,"c(1469389, 562049)",1762
4925,"c(1469390.5, 562203)",1763
4926,"c(1469390.5, 563873)",1764
4927,"c(1469390, 559635)",1765
4928,"c(1469391.5, 558164.5)",1766
4929,"c(1469391.5, 558201)",1767
4930,"c(1469394.5, 560179)",1768
4931,"c(1469394.5, 563445)",1769
4934,"c(1469401, 559352)",1770
4936,"c(1469402, 564198)",1771
4937,"c(1469404, 558166.5)",1772
4938,"c(1469404, 558197)",1773
4940,"c(1469406, 562341.5)",1774
4942,"c(1469407, 562359.5)",1775
4943,"c(1469408.5, 560010)",1776
4944,"c(1469409, 559999)",1777
4947,"c(1469411, 558186)",1778
4948,"c(1469413, 561775.5)",1779
4949,"c(1469417.5, 562360.5)",1780
4951,"c(1469419, 563550)",1781
4952,"c(1469421, 563967.5)",1782
4954,"c(1469427.5, 562343.5)",1783
4955,"c(1469427.5, 562377)",1784
4956,"c(1469429, 564421.5)",1785
4957,"c(1469430.5, 558197)",1786
4958,"c(1469430, 559426.5)",1787
4959,"c(1469434, 562388)",1788
4960,"c(1469436, 562377.5)",1789
4962,"c(1469439.5, 562363.5)",1790
4965,"c(1469450.5, 564201.5)",1791
4966,"c(1469453.5, 564636)",1792
4969,"c(1469459.5, 562992)",1793
4970,"c(1469459, 563317.5)",1794
4971,"c(1469470.5, 563972)",1795
4972,"c(1469473.5, 563444.5)",1796
4973,"c(1469478, 563885)",1797
4974,"c(1469481.5, 563665)",1798
4978,"c(1469490, 564383.5)",1799
4979,"c(1469492.5, 562382.5)",1800
4980,"c(1469501.5, 564439.5)",1801
4981,"c(1469504, 564206)",1802
4988,"c(1469526, 564025.5)",1803
4990,"c(1469529.5, 563976.5)",1804
4992,"c(1469541, 563020)",1805
5001,"c(1469557.5, 563031.5)",1806
5002,"c(1469561.5, 559885.5)",1807
5004,"c(1469562.5, 562376)",1808
5006,"c(1469564.5, 562356.5)",1809
5007,"c(1469566, 562338)",1810
5009,"c(1469571.5, 563041)",1811
5010,"c(1469576.5, 562220.5)",1812
5013,"c(1469580.5, 563203)",1813
5017,"c(1469582, 562358.5)",1814
5018,"c(1469582, 563048)",1815
5020,"c(1469583.5, 564479)",1816
5024,"c(1469589.5, 559641)",1817
5026,"c(1469590.5, 562064)",1818
5028,"c(1469593.5, 563056)",1819
5031,"c(1469599.5, 562500.5)",1820
5034,"c(1469601.5, 564259.5)",1821
5036,"c(1469605.5, 564213.5)",1822
5038,"c(1469613.5, 564499.5)",1823
5039,"c(1469613, 563069)",1824
5040,"c(1469616, 561797.5)",1825
5042,"c(1469620, 561150)",1826
5045,"c(1469628, 563142.5)",1827
5046,"c(1469631.5, 564034)",1828
5048,"c(1469635, 564262)",1829
5049,"c(1469638, 564516.5)",1830
5053,"c(1469646, 562510.5)",1831
5056,"c(1469660.5, 564059.5)",1832
5057,"c(1469661.5, 563278)",1833
5058,"c(1469661, 564482)",1834
5059,"c(1469662.5, 564523)",1835
5061,"c(1469664.5, 564218.5)",1836
5062,"c(1469666.5, 564569.5)",1837
5064,"c(1469667, 563193.5)",1838
5066,"c(1469679.5, 564481.5)",1839
5067,"c(1469680.5, 564526)",1840
5068,"c(1469680, 564038)",1841
5070,"c(1469683, 564219.5)",1842
5071,"c(1469684.5, 560468)",1843
5072,"c(1469684.5, 563990)",1844
5073,"c(1469684, 564571.5)",1845
5076,"c(1469695.5, 563117.5)",1846
5084,"c(1469701.5, 563763)",1847
5085,"c(1469702.5, 563991.5)",1848
5087,"c(1469703.5, 562984.5)",1849
5094,"c(1469715.5, 562670.5)",1850
5098,"c(1469718.5, 563765)",1851
5104,"c(1469725, 564528.5)",1852
5108,"c(1469736.5, 562514.5)",1853
5112,"c(1469743.5, 563285)",1854
5119,"c(1469749.5, 563218.5)",1855
5124,"c(1469757, 563132.5)",1856
5125,"c(1469758.5, 563106.5)",1857
5132,"c(1469763.5, 563015)",1858
5136,"c(1469768, 562943)",1859
5137,"c(1469769.5, 562920.5)",1860
5140,"c(1469771, 558888)",1861
5141,"c(1469773.5, 563134)",1862
5144,"c(1469774, 562866.5)",1863
5147,"c(1469778, 563030)",1864
5148,"c(1469780.5, 558863.5)",1865
5149,"c(1469780, 559868)",1866
5151,"c(1469781.5, 563240.5)",1867
5154,"c(1469782.5, 562933.5)",1868
5155,"c(1469783.5, 562920)",1869
5156,"c(1469784.5, 562910.5)",1870
5157,"c(1469784, 562755.5)",1871
5160,"c(1469788, 562395)",1872
5161,"c(1469788, 562867.5)",1873
5162,"c(1469790.5, 558881)",1874
5163,"c(1469791.5, 562378.5)",1875
5165,"c(1469794.5, 562791)",1876
5166,"c(1469795, 562633.5)",1877
5167,"c(1469797.5, 562756.5)",1878
5168,"c(1469798, 559660)",1879
5170,"c(1469800, 562731.5)",1880
5173,"c(1469803, 562703.5)",1881
5174,"c(1469805, 562521.5)",1882
5177,"c(1469809.5, 562634.5)",1883
5178,"c(1469809.5, 564533.5)",1884
5181,"c(1469812.5, 563112.5)",1885
5182,"c(1469814, 562423.5)",1886
5183,"c(1469816.5, 562396.5)",1887
5185,"c(1469817, 562523)",1888
5187,"c(1469818, 562381.5)",1889
5189,"c(1469819.5, 562359.5)",1890
5193,"c(1469826, 560038)",1891
5194,"c(1469826, 562427)",1892
5196,"c(1469828.5, 562398)",1893
5201,"c(1469830, 562382.5)",1894
5202,"c(1469831.5, 562361.5)",1895
5203,"c(1469831, 562297)",1896
5212,"c(1469839, 562222.5)",1897
5214,"c(1469843.5, 562871.5)",1898
5219,"c(1469850.5, 563107.5)",1899
5222,"c(1469852.5, 562384.5)",1900
5223,"c(1469854, 562400)",1901
5225,"c(1469858, 559988.5)",1902
5226,"c(1469858, 562014.5)",1903
5239,"c(1469874, 561867.5)",1904
5242,"c(1469877, 562798)",1905
5249,"c(1469889.5, 564538)",1906
5252,"c(1469896.5, 560043.5)",1907
5254,"c(1469903.5, 560055)",1908
5264,"c(1469915, 563119.5)",1909
5272,"c(1469936.5, 560109.5)",1910
5282,"c(1469964, 559332)",1911
5283,"c(1469965.5, 560058.5)",1912
5293,"c(1469992, 562237.5)",1913
5300,"c(1470010, 562026.5)",1914
5303,"c(1470014, 563167)",1915
5304,"c(1470017.5, 560245.5)",1916
5306,"c(1470021.5, 561880)",1917
5313,"c(1470029, 558151)",1918
5315,"c(1470034.5, 562571)",1919
5319,"c(1470040.5, 562933.5)",1920
5320,"c(1470045.5, 560291.5)",1921
5322,"c(1470048.5, 560061)",1922
5323,"c(1470048.5, 563598.5)",1923
5332,"c(1470064, 563290)",1924
5333,"c(1470065.5, 560325.5)",1925
5346,"c(1470085.5, 562244)",1926
5349,"c(1470088.5, 562051.5)",1927
5362,"c(1470114, 563224.5)",1928
5366,"c(1470118.5, 563162)",1929
5374,"c(1470129, 563020.5)",1930
5385,"c(1470159.5, 563477.5)",1931
5389,"c(1470165, 560512.5)",1932
5390,"c(1470165, 562425)",1933
5391,"c(1470166, 562412)",1934
5392,"c(1470172.5, 562345.5)",1935
5400,"c(1470187.5, 562188)",1936
5404,"c(1470194.5, 563167.5)",1937
5405,"c(1470198.5, 562078.5)",1938
5409,"c(1470207, 559241)",1939
5411,"c(1470209.5, 563233.5)",1940
5412,"c(1470212.5, 563184)",1941
5413,"c(1470214.5, 561898)",1942
5416,"c(1470217.5, 563150.5)",1943
5418,"c(1470218, 563117)",1944
5419,"c(1470225, 561899)",1945
5420,"c(1470226, 560310.5)",1946
5422,"c(1470230, 560419.5)",1947
5423,"c(1470232.5, 563170.5)",1948
5428,"c(1470240.5, 562959.5)",1949
5437,"c(1470250.5, 560080.5)",1950
5439,"c(1470266.5, 562433)",1951
5440,"c(1470267, 562903)",1952
5441,"c(1470268.5, 563172)",1953
5443,"c(1470269, 561382)",1954
5444,"c(1470270, 562421)",1955
5446,"c(1470272.5, 562888.5)",1956
5451,"c(1470276, 562354)",1957
5457,"c(1470285.5, 562848)",1958
5465,"c(1470301.5, 562088)",1959
5466,"c(1470301, 561210.5)",1960
5468,"c(1470305, 562425.5)",1961
5470,"c(1470307, 562439)",1962
5471,"c(1470310, 562474)",1963
5473,"c(1470312, 562579)",1964
5476,"c(1470316, 561914)",1965
5477,"c(1470317.5, 561900)",1966
5481,"c(1470327, 563244.5)",1967
5482,"c(1470328.5, 563216.5)",1968
5490,"c(1470341.5, 562427.5)",1969
5492,"c(1470349.5, 562440.5)",1970
5522,"c(1470384.5, 560909.5)",1971
5525,"c(1470386.5, 562444)",1972
5527,"c(1470388, 562431.5)",1973
5530,"c(1470390.5, 562400.5)",1974
5535,"c(1470400.5, 560107)",1975
5541,"c(1470406.5, 562433)",1976
5547,"c(1470411.5, 564631.5)",1977
5552,"c(1470419.5, 562099)",1978
5553,"c(1470419.5, 563253)",1979
5570,"c(1470445, 558928)",1980
5571,"c(1470446, 563321)",1981
5572,"c(1470447.5, 563256.5)",1982
5588,"c(1470494.5, 563842)",1983
5602,"c(1470514.5, 564347.5)",1984
5605,"c(1470522.5, 564618)",1985
5622,"c(1470553.5, 559726.5)",1986
5623,"c(1470553.5, 563061.5)",1987
5629,"c(1470559.5, 563264)",1988
5630,"c(1470562.5, 559740.5)",1989
5632,"c(1470564.5, 563742.5)",1990
5633,"c(1470564, 561232.5)",1991
5634,"c(1470566.5, 563190)",1992
5635,"c(1470568.5, 563652.5)",1993
5641,"c(1470587, 561039)",1994
5642,"c(1470587, 562464)",1995
5645,"c(1470594.5, 562448)",1996
5647,"c(1470595.5, 563949)",1997
5648,"c(1470596, 559006.5)",1998
5661,"c(1470613, 561582.5)",1999
5663,"c(1470615, 558787.5)",2000
5664,"c(1470615, 561435.5)",2001
5665,"c(1470617, 562467)",2002
5666,"c(1470618, 562605.5)",2003
5667,"c(1470619.5, 561480)",2004
5668,"c(1470619.5, 562498.5)",2005
5669,"c(1470619, 562450)",2006
5671,"c(1470621.5, 562426)",2007
5674,"c(1470623.5, 562509.5)",2008
5675,"c(1470624.5, 561476)",2009
5683,"c(1470630, 562342)",2010
5684,"c(1470630, 562497.5)",2011
5689,"c(1470633.5, 561502.5)",2012
5691,"c(1470635.5, 562468)",2013
5692,"c(1470636.5, 562451.5)",2014
5694,"c(1470638.5, 562427)",2015
5695,"c(1470641, 562244)",2016
5696,"c(1470644.5, 562344.5)",2017
5701,"c(1470654.5, 562244.5)",2018
5703,"c(1470655.5, 562453)",2019
5704,"c(1470655, 562106.5)",2020
5705,"c(1470661, 562470)",2021
5706,"c(1470662.5, 560172.5)",2022
5707,"c(1470662, 564638)",2023
5709,"c(1470666.5, 562104.5)",2024
5716,"c(1470677, 563530.5)",2025
5717,"c(1470678.5, 561438.5)",2026
5720,"c(1470680.5, 561962)",2027
5721,"c(1470681.5, 561950.5)",2028
5722,"c(1470683, 561936)",2029
5727,"c(1470702.5, 562351)",2030
5732,"c(1470714, 561503)",2031
5733,"c(1470715.5, 562251)",2032
5739,"c(1470727.5, 561527.5)",2033
5741,"c(1470736, 564628)",2034
5742,"c(1470737.5, 563184.5)",2035
5745,"c(1470740, 558385.5)",2036
5746,"c(1470740, 562112.5)",2037
5749,"c(1470747, 558385.5)",2038
5756,"c(1470754, 564395.5)",2039
5757,"c(1470756, 564018)",2040
5771,"c(1470774, 558387.5)",2041
5772,"c(1470778.5, 561601)",2042
5779,"c(1470790.5, 561664)",2043
5781,"c(1470794, 563969.5)",2044
5795,"c(1470811, 563258.5)",2045
5796,"c(1470813, 561635)",2046
5799,"c(1470817, 563291.5)",2047
5801,"c(1470820.5, 561626.5)",2048
5803,"c(1470821.5, 564594.5)",2049
5809,"c(1470832, 563269)",2050
5813,"c(1470837.5, 561964)",2051
5814,"c(1470839, 561950)",2052
5815,"c(1470844, 560138)",2053
5816,"c(1470845, 562042.5)",2054
5821,"c(1470861, 559968.5)",2055
5823,"c(1470872, 562486)",2056
5824,"c(1470873.5, 562471.5)",2057
5828,"c(1470882.5, 561790.5)",2058
5830,"c(1470883, 562368.5)",2059
5834,"c(1470892.5, 560114)",2060
5838,"c(1470901, 564509)",2061
5839,"c(1470906, 559293)",2062
5848,"c(1470926, 559058.5)",2063
5849,"c(1470927.5, 559030.5)",2064
5858,"c(1470948, 563428.5)",2065
5860,"c(1470949, 561920)",2066
5861,"c(1470953.5, 558836.5)",2067
5863,"c(1470961, 561961.5)",2068
5864,"c(1470961, 563747)",2069
5865,"c(1470963, 558833.5)",2070
5869,"c(1470965.5, 564567.5)",2071
5871,"c(1470969, 564498.5)",2072
5875,"c(1470974, 563722)",2073
5877,"c(1470977.5, 563194)",2074
5878,"c(1470980.5, 561963.5)",2075
5879,"c(1470986.5, 561977.5)",2076
5880,"c(1470987.5, 558401)",2077
5881,"c(1470987, 562642)",2078
5882,"c(1470988.5, 562494.5)",2079
5883,"c(1470988, 562942)",2080
5884,"c(1470990.5, 562481.5)",2081
5892,"c(1471004, 560013)",2082
5894,"c(1471010, 562048.5)",2083
5895,"c(1471014, 562351)",2084
5896,"c(1471014, 562674.5)",2085
5897,"c(1471016.5, 562645)",2086
5898,"c(1471020.5, 562621.5)",2087
5899,"c(1471023, 563815.5)",2088
5901,"c(1471025, 561981)",2089
5902,"c(1471026, 562221)",2090
5905,"c(1471031, 561729.5)",2091
5907,"c(1471034.5, 562544.5)",2092
5911,"c(1471035.5, 562498)",2093
5912,"c(1471036.5, 561722)",2094
5913,"c(1471038.5, 562520)",2095
5914,"c(1471038, 562485.5)",2096
5917,"c(1471041, 563724)",2097
5919,"c(1471044, 562447.5)",2098
5920,"c(1471045.5, 562648)",2099
5922,"c(1471054.5, 562499.5)",2100
5926,"c(1471056, 562487)",2101
5927,"c(1471059.5, 562445.5)",2102
5928,"c(1471059, 562354)",2103
5930,"c(1471062.5, 560211)",2104
5932,"c(1471068.5, 562355)",2105
5937,"c(1471077, 560211.5)",2106
5941,"c(1471083, 559058.5)",2107
5942,"c(1471086.5, 562231)",2108
5943,"c(1471086, 561265)",2109
5947,"c(1471092.5, 562491)",2110
5950,"c(1471097, 562234)",2111
5951,"c(1471097, 562503.5)",2112
5952,"c(1471103.5, 564577.5)",2113
5964,"c(1471119, 561987)",2114
5966,"c(1471124, 561975)",2115
5967,"c(1471125.5, 562244)",2116
5971,"c(1471143.5, 563741)",2117
5981,"c(1471156.5, 560202)",2118
5983,"c(1471158, 562041)",2119
5984,"c(1471159.5, 561283)",2120
5985,"c(1471159, 561938.5)",2121
5986,"c(1471162, 561978.5)",2122
5987,"c(1471162, 561990)",2123
5989,"c(1471168.5, 561939)",2124
5990,"c(1471168, 562042)",2125
5991,"c(1471172, 561979)",2126
5992,"c(1471172, 561990.5)",2127
5993,"c(1471173.5, 560051.5)",2128
5994,"c(1471185, 562339.5)",2129
5995,"c(1471187, 562503.5)",2130
5996,"c(1471204, 563428.5)",2131
5997,"c(1471208.5, 561982)",2132
5998,"c(1471208, 561993)",2133
6002,"c(1471225.5, 562513)",2134
6003,"c(1471229, 562489)",2135
6004,"c(1471233.5, 562528)",2136
6011,"c(1471249, 562522.5)",2137
6016,"c(1471267, 562262)",2138
6017,"c(1471268, 561177.5)",2139
6019,"c(1471273, 562098.5)",2140
6021,"c(1471281, 563576.5)",2141
6025,"c(1471298.5, 563495)",2142
6032,"c(1471316, 561043)",2143
6034,"c(1471320, 560708.5)",2144
6037,"c(1471325.5, 562101.5)",2145
6042,"c(1471335.5, 561250)",2146
6043,"c(1471339.5, 561087)",2147
6044,"c(1471339, 560554)",2148
6051,"c(1471375, 558431.5)",2149
6056,"c(1471390, 560071.5)",2150
6060,"c(1471405, 562870)",2151
6063,"c(1471408.5, 563700.5)",2152
6064,"c(1471409, 563057.5)",2153
6067,"c(1471422, 563050)",2154
6076,"c(1471461.5, 562279)",2155
6078,"c(1471491, 562094)",2156
6081,"c(1471496.5, 562086)",2157
6083,"c(1471497.5, 562005)",2158
6085,"c(1471516.5, 562060.5)",2159
6089,"c(1471526, 559934)",2160
6092,"c(1471553.5, 562844)",2161
6095,"c(1471569.5, 563246.5)",2162
6096,"c(1471576.5, 561084)",2163
6097,"c(1471577, 560048)",2164
6098,"c(1471580.5, 558451.5)",2165
6099,"c(1471582.5, 563752)",2166
6100,"c(1471586, 562796)",2167
6102,"c(1471592, 559473.5)",2168
6106,"c(1471605.5, 562796.5)",2169
6109,"c(1471622.5, 562827.5)",2170
6111,"c(1471632.5, 562819.5)",2171
6112,"c(1471634.5, 558751.5)",2172
6113,"c(1471635.5, 563330.5)",2173
6114,"c(1471640.5, 564337.5)",2174
6115,"c(1471646.5, 562849)",2175
6116,"c(1471649.5, 563895)",2176
6119,"c(1471656.5, 562796)",2177
6120,"c(1471656.5, 564279)",2178
6121,"c(1471658, 562971)",2179
6123,"c(1471662, 562844.5)",2180
6124,"c(1471663, 564255)",2181
6125,"c(1471666.5, 563171.5)",2182
6126,"c(1471667.5, 564426)",2183
6128,"c(1471667, 563798)",2184
6130,"c(1471669, 559952)",2185
6131,"c(1471672, 561878)",2186
6132,"c(1471681, 564287)",2187
6133,"c(1471688.5, 564494)",2188
6138,"c(1471699, 563382)",2189
6139,"c(1471701, 558602)",2190
6142,"c(1471712.5, 561573)",2191
6144,"c(1471715.5, 564104.5)",2192
6145,"c(1471716, 561204.5)",2193
6147,"c(1471720, 564133)",2194
6148,"c(1471720, 564181)",2195
6149,"c(1471724, 564611.5)",2196
6150,"c(1471729.5, 563256.5)",2197
6151,"c(1471729, 561626)",2198
6154,"c(1471736.5, 564100)",2199
6155,"c(1471737, 562675.5)",2200
6158,"c(1471756, 563905.5)",2201
6160,"c(1471757.5, 563101.5)",2202
6161,"c(1471761.5, 562539.5)",2203
6166,"c(1471772.5, 564055)",2204
6167,"c(1471774.5, 564092)",2205
6168,"c(1471777.5, 563145)",2206
6170,"c(1471778, 564063.5)",2207
6173,"c(1471782, 563130.5)",2208
6177,"c(1471788, 564080)",2209
6178,"c(1471789.5, 564512.5)",2210
6179,"c(1471790.5, 563331)",2211
6180,"c(1471795.5, 559987)",2212
6181,"c(1471797, 564080)",2213
6182,"c(1471799.5, 562374)",2214
6187,"c(1471813.5, 558469)",2215
6188,"c(1471821, 562017)",2216
6190,"c(1471827, 562321.5)",2217
6191,"c(1471830.5, 563089.5)",2218
6192,"c(1471831, 562315)",2219
6193,"c(1471835.5, 563028.5)",2220
6197,"c(1471842, 558431)",2221
6199,"c(1471845.5, 558419.5)",2222
6201,"c(1471846.5, 563016)",2223
6203,"c(1471847.5, 563522.5)",2224
6206,"c(1471862, 563063)",2225
6211,"c(1471875.5, 563051)",2226
6213,"c(1471883.5, 564195)",2227
6214,"c(1471887, 564532)",2228
6215,"c(1471895, 563104)",2229
6218,"c(1471906.5, 564333)",2230
6219,"c(1471907.5, 564575)",2231
6220,"c(1471907, 563246.5)",2232
6221,"c(1471908.5, 563092.5)",2233
6222,"c(1471908.5, 563612)",2234
6224,"c(1471909.5, 562635.5)",2235
6225,"c(1471911.5, 564533.5)",2236
6226,"c(1471912.5, 563022)",2237
6227,"c(1471914, 560319.5)",2238
6228,"c(1471915.5, 560217)",2239
6232,"c(1471917.5, 563603.5)",2240
6233,"c(1471924, 561048.5)",2241
6237,"c(1471944, 560105.5)",2242
6238,"c(1471949.5, 558746)",2243
6240,"c(1471952, 564598.5)",2244
6241,"c(1471956, 560721)",2245
6243,"c(1471964.5, 564555)",2246
6245,"c(1471965, 563321.5)",2247
6247,"c(1471968.5, 564261.5)",2248
6248,"c(1471976.5, 563722.5)",2249
6251,"c(1472003.5, 562953)",2250
6253,"c(1472017.5, 561545)",2251
6254,"c(1472020, 560599.5)",2252
6255,"c(1472021.5, 561188)",2253
6259,"c(1472026.5, 562682.5)",2254
6260,"c(1472027, 561196)",2255
6261,"c(1472033, 561408.5)",2256
6262,"c(1472036.5, 562561.5)",2257
6264,"c(1472039, 560350)",2258
6265,"c(1472050, 561598.5)",2259
6267,"c(1472061, 560174.5)",2260
6268,"c(1472063, 560592)",2261
6269,"c(1472065.5, 560125)",2262
6273,"c(1472080, 563309)",2263
6274,"c(1472081.5, 564357)",2264
6275,"c(1472081, 563050.5)",2265
6277,"c(1472087, 563345)",2266
6278,"c(1472090, 564321)",2267
6280,"c(1472100.5, 563334.5)",2268
6282,"c(1472115, 560557)",2269
6283,"c(1472120, 563476.5)",2270
6284,"c(1472122, 562562)",2271
6285,"c(1472123, 562445.5)",2272
6288,"c(1472131.5, 562501.5)",2273
6290,"c(1472134, 562474.5)",2274
6291,"c(1472135, 559955.5)",2275
6293,"c(1472136.5, 562447)",2276
6294,"c(1472137.5, 562438.5)",2277
6296,"c(1472141.5, 563410)",2278
6297,"c(1472145, 563478)",2279
6298,"c(1472146.5, 564394)",2280
6299,"c(1472149.5, 564360)",2281
6300,"c(1472150.5, 563397.5)",2282
6301,"c(1472154.5, 562576.5)",2283
6303,"c(1472155, 563935.5)",2284
6304,"c(1472156, 559829)",2285
6305,"c(1472157, 559807)",2286
6306,"c(1472160.5, 562504)",2287
6308,"c(1472172.5, 562466)",2288
6309,"c(1472173, 563447.5)",2289
6311,"c(1472181.5, 563459)",2290
6313,"c(1472184.5, 563308.5)",2291
6314,"c(1472185.5, 563441.5)",2292
6315,"c(1472191.5, 562647.5)",2293
6316,"c(1472193.5, 563453)",2294
6317,"c(1472194.5, 561166)",2295
6320,"c(1472207, 560668.5)",2296
6322,"c(1472210.5, 563163)",2297
6324,"c(1472223.5, 561383.5)",2298
6325,"c(1472223.5, 563513.5)",2299
6329,"c(1472228, 562545)",2300
6330,"c(1472230, 561507)",2301
6331,"c(1472230, 563522.5)",2302
6332,"c(1472231.5, 563506.5)",2303
6333,"c(1472231, 564214)",2304
6334,"c(1472233, 560123)",2305
6335,"c(1472234, 559746)",2306
6336,"c(1472235, 562471.5)",2307
6337,"c(1472235, 563418.5)",2308
6340,"c(1472249, 563427.5)",2309
6342,"c(1472253.5, 563538.5)",2310
6344,"c(1472253, 560156.5)",2311
6345,"c(1472254, 559789)",2312
6347,"c(1472262, 559835)",2313
6350,"c(1472266.5, 559761)",2314
6353,"c(1472268, 559805.5)",2315
6354,"c(1472270.5, 559871.5)",2316
6356,"c(1472278.5, 563574.5)",2317
6357,"c(1472281, 562706.5)",2318
6358,"c(1472282, 563837)",2319
6359,"c(1472288.5, 563615.5)",2320
6362,"c(1472302, 563609)",2321
6363,"c(1472309, 561786)",2322
6367,"c(1472319.5, 561628)",2323
6368,"c(1472323.5, 563405)",2324
